Feature,rank_mi,rank_SHAP,rank_embed,value_min,value_med,value_mean,value_harmo
tqwt_entropy_log_dec_35,1,40,43,1,40.0,28.0,2.8618968386023296
std_delta_delta_log_energy,2,1,9,1,2.0,4.0,1.8620689655172413
mean_MFCC_2nd_coef,3,69,253,3,69.0,108.33333333333333,8.52808988764045
std_8th_delta_delta,4,29,246,4,29.0,93.0,10.396890940004857
tqwt_TKEO_mean_dec_16,5,524,521,5,521.0,350.0,14.718307581165154
tqwt_entropy_shannon_dec_35,6,482,477,6,477.0,321.6666666666667,17.56051733795
tqwt_TKEO_std_dec_12,7,106,34,7,34.0,49.0,16.51047120418848
tqwt_maxValue_dec_12,8,510,455,8,455.0,324.3333333333333,23.22725945697961
tqwt_entropy_log_dec_11,9,307,402,9,307.0,239.33333333333334,25.672622211949612
tqwt_TKEO_mean_dec_12,10,10,4,4,10.0,8.0,6.666666666666666
tqwt_stdValue_dec_12,11,64,1,1,11.0,25.333333333333332,2.7111681643132224
tqwt_entropy_log_dec_12,12,39,109,12,39.0,53.333333333333336,25.39173718267795
tqwt_entropy_shannon_dec_14,13,401,40,13,40.0,151.33333333333334,28.730997106508056
tqwt_stdValue_dec_15,14,423,233,14,233.0,223.33333333333334,38.41992519235588
tqwt_energy_dec_27,15,60,19,15,19.0,31.333333333333332,22.06451612903226
app_entropy_shannon_5_coef,16,690,691,16,690.0,465.6666666666667,45.8740473775572
std_9th_delta_delta,17,15,150,15,17.0,60.666666666666664,22.70029673590505
app_LT_entropy_shannon_6_coef,18,666,540,18,540.0,408.0,50.92608326253186
tqwt_TKEO_mean_dec_11,19,300,62,19,62.0,127.0,41.61237145772824
tqwt_skewnessValue_dec_36,20,119,407,20,119.0,182.0,49.29316574220142
tqwt_TKEO_std_dec_13,21,450,500,21,450.0,323.6666666666667,57.8689528475199
tqwt_TKEO_mean_dec_13,22,133,6,6,22.0,53.666666666666664,13.65871369294606
app_entropy_log_5_coef,23,744,650,23,650.0,472.3333333333333,64.70982930679399
app_LT_entropy_shannon_7_coef,24,652,532,24,532.0,402.6666666666667,66.54819867832019
minIntensity,25,208,329,25,208.0,187.33333333333334,62.69958586315159
tqwt_minValue_dec_11,26,76,2,2,26.0,34.666666666666664,5.438532110091743
tqwt_minValue_dec_10,27,573,718,27,573.0,439.3333333333333,74.67331285250442
tqwt_entropy_shannon_dec_11,28,243,227,28,227.0,166.0,67.819908959178
tqwt_kurtosisValue_dec_26,29,128,208,29,128.0,121.66666666666667,63.690277166739996
std_6th_delta_delta,30,2,137,2,30.0,56.333333333333336,5.549054905490549
app_LT_TKEO_std_8_coef,31,669,623,31,623.0,441.0,84.84650172161308
std_Log_energy,32,241,337,32,241.0,203.33333333333334,78.19273314412364
std_3rd_delta,33,187,330,33,187.0,183.33333333333334,77.55760368663594
tqwt_TKEO_std_dec_11,34,61,8,8,34.0,34.333333333333336,17.563867325335217
std_delta_log_energy,35,56,200,35,56.0,97.0,58.333333333333336
tqwt_maxValue_dec_11,36,114,84,36,84.0,78.0,61.91379310344828
app_LT_entropy_log_6_coef,37,647,579,37,579.0,421.0,99.01075778320138
std_6th_delta,38,7,24,7,24.0,23.0,14.22882615156018
app_entropy_shannon_4_coef,39,689,692,39,689.0,473.3333333333333,105.12486832112498
tqwt_energy_dec_26,40,239,280,40,239.0,186.33333333333334,91.58759124087591
tqwt_entropy_log_dec_17,41,627,620,41,620.0,429.3333333333333,108.70335806050464
tqwt_entropy_log_dec_16,42,81,11,11,42.0,44.666666666666664,23.610094637223973
std_7th_delta_delta,43,3,37,3,37.0,27.666666666666668,7.820316766794102
tqwt_entropy_shannon_dec_16,44,160,81,44,81.0,95.0,72.59887964691903
tqwt_medianValue_dec_8,45,234,221,45,221.0,166.66666666666666,96.70988654781198
std_9th_delta,46,19,82,19,46.0,49.0,34.65570599613153
app_entropy_shannon_7_coef,47,269,10,10,47.0,108.66666666666667,24.001139024235904
tqwt_maxValue_dec_17,48,131,353,48,131.0,177.33333333333334,95.84731198272762
app_entropy_shannon_6_coef,49,712,659,49,659.0,473.3333333333333,128.58920145342825
tqwt_minValue_dec_12,50,124,190,50,124.0,121.33333333333333,90.01528273051451
std_8th_delta,51,17,307,17,51.0,125.0,36.724784988272084
tqwt_medianValue_dec_10,52,24,181,24,52.0,85.66666666666667,45.165555851772865
tqwt_entropy_shannon_dec_36,53,597,585,53,585.0,411.6666666666667,134.81711180870667
app_entropy_shannon_3_coef,54,688,693,54,688.0,478.3333333333333,140.08866834252882
tqwt_medianValue_dec_12,55,294,403,55,294.0,250.66666666666666,124.66460906661906
maxIntensity,56,70,174,56,70.0,100.0,79.1765980498375
meanIntensity,57,329,141,57,141.0,175.66666666666666,108.39884393063583
tqwt_medianValue_dec_23,58,143,388,58,143.0,196.33333333333334,111.89142578985188
app_LT_entropy_shannon_8_coef,59,634,610,59,610.0,434.3333333333333,148.76684284646277
tqwt_medianValue_dec_26,60,168,183,60,168.0,137.0,106.82418346073663
app_LT_entropy_shannon_9_coef,61,641,612,61,612.0,438.0,153.15896527814814
app_entropy_log_6_coef,62,746,649,62,649.0,485.6666666666667,157.80879848031344
tqwt_medianValue_dec_34,63,225,215,63,215.0,167.66666666666666,120.15079834417504
app_LT_entropy_log_5_coef,64,648,588,64,588.0,433.3333333333333,158.9918631337367
app_LT_entropy_shannon_10_coef,65,642,621,65,621.0,442.6666666666667,161.7028060826537
app_TKEO_std_2_coef,66,375,478,66,375.0,306.3333333333333,150.6762952773957
tqwt_entropy_shannon_dec_13,67,440,357,67,357.0,288.0,150.00584381339706
app_LT_TKEO_std_5_coef,68,331,263,68,263.0,220.66666666666666,139.3449095688336
std_4th_delta_delta,69,12,224,12,69.0,101.66666666666667,29.328273244781787
app_entropy_log_2_coef,70,739,655,70,655.0,488.0,174.76802063185045
app_entropy_shannon_9_coef,71,713,657,71,657.0,480.3333333333333,176.37615849789026
app_LT_entropy_shannon_3_coef,72,661,549,72,549.0,427.3333333333333,174.18323633527328
tqwt_kurtosisValue_dec_36,73,148,115,73,115.0,112.0,102.91228360805103
tqwt_stdValue_dec_13,74,161,23,23,74.0,86.0,47.46613545816733
tqwt_stdValue_dec_16,75,202,58,58,75.0,111.66666666666667,84.4470784213224
app_entropy_log_3_coef,76,285,372,76,285.0,244.33333333333334,155.0
app_LT_entropy_log_7_coef,77,646,590,77,590.0,437.6666666666667,184.84384185155946
app_entropy_shannon_8_coef,78,674,658,78,658.0,470.0,189.58604865287512
tqwt_skewnessValue_dec_25,79,66,235,66,79.0,126.66666666666667,93.55977500063632
tqwt_TKEO_std_dec_6,80,137,50,50,80.0,89.0,75.37826685006877
app_LT_TKEO_mean_1_coef,81,25,17,17,25.0,41.0,26.985889730859682
tqwt_entropy_log_dec_13,82,612,625,82,612.0,439.6666666666667,194.43767125269147
numPeriodsPulses,83,506,201,83,201.0,263.3333333333333,157.8980465997868
tqwt_minValue_dec_13,84,142,41,41,84.0,89.0,69.22449749929226
app_LT_entropy_log_9_coef,85,644,593,85,593.0,440.6666666666667,199.94879239154315
tqwt_medianValue_dec_25,86,682,660,86,660.0,476.0,205.3481677429394
tqwt_skewnessValue_dec_30,87,426,458,87,426.0,323.6666666666667,187.20659078877716
app_LT_entropy_log_8_coef,88,645,592,88,592.0,441.6666666666667,205.43424034432724
tqwt_TKEO_std_dec_14,89,416,197,89,197.0,234.0,160.2911456387491
app_LT_entropy_log_10_coef,90,643,594,90,594.0,442.3333333333333,209.06181579331485
tqwt_entropy_shannon_dec_8,91,528,525,91,525.0,381.3333333333333,202.8711366323256
app_entropy_log_7_coef,92,747,647,92,647.0,495.3333333333333,218.1207704269594
tqwt_energy_dec_25,93,112,83,83,93.0,96.0,94.5493784404506
app_LT_entropy_shannon_5_coef,94,664,547,94,547.0,435.0,214.70783704579472
tqwt_TKEO_mean_dec_8,95,249,216,95,216.0,186.66666666666666,156.478118396472
app_entropy_shannon_10_coef,96,738,656,96,656.0,496.6666666666667,225.63057324840764
app_LT_entropy_log_2_coef,97,683,602,97,602.0,460.6666666666667,223.30505719367463
tqwt_skewnessValue_dec_13,98,383,441,98,383.0,307.3333333333333,198.90441609421
tqwt_skewnessValue_dec_26,99,102,189,99,102.0,130.0,119.06681639528354
app_LT_entropy_shannon_4_coef,100,662,542,100,542.0,434.6666666666667,224.62500313019092
tqwt_entropy_shannon_dec_15,101,602,597,101,597.0,433.3333333333333,226.6346897873642
tqwt_entropy_log_dec_6,102,592,580,102,580.0,424.6666666666667,226.97613328033458
app_entropy_log_9_coef,103,750,644,103,644.0,499.0,238.1922876814208
tqwt_minValue_dec_17,104,28,289,28,104.0,140.33333333333334,61.4881636629323
app_entropy_log_10_coef,105,751,643,105,643.0,499.6666666666667,241.72928489359774
tqwt_energy_dec_12,106,26,69,26,69.0,67.0,48.085974376264325
tqwt_TKEO_std_dec_7,107,311,99,99,107.0,172.33333333333334,132.3788022877349
app_det_TKEO_mean_1_coef,108,734,642,108,642.0,494.6666666666667,246.31978781484136
std_11th_delta_delta,109,18,169,18,109.0,98.66666666666667,42.4646318036286
app_entropy_log_8_coef,110,749,631,110,631.0,496.6666666666667,249.7750228612518
apq11Shimmer,111,275,317,111,275.0,234.33333333333334,189.87405731030105
tqwt_minValue_dec_15,112,575,719,112,575.0,468.6666666666667,248.7866994535715
tqwt_meanValue_dec_11,113,116,326,113,116.0,185.0,146.0726054556642
app_LT_TKEO_std_6_coef,114,663,603,114,603.0,460.0,251.2857402782143
tqwt_stdValue_dec_14,115,696,750,115,696.0,520.3333333333334,261.6484330732685
app_LT_TKEO_std_2_coef,116,651,595,116,595.0,454.0,253.43274153429056
tqwt_entropy_log_dec_15,117,442,505,117,442.0,354.6666666666667,234.5646674191414
tqwt_stdValue_dec_6,118,702,742,118,702.0,520.6666666666666,266.7428581348115
tqwt_entropy_log_dec_26,119,305,467,119,305.0,297.0,217.0236616688647
app_TKEO_std_8_coef,120,615,689,120,615.0,474.6666666666667,262.9104728419637
tqwt_stdValue_dec_11,121,45,13,13,45.0,59.666666666666664,27.93042220176246
app_TKEO_std_7_coef,122,614,690,122,614.0,475.3333333333333,266.083384241559
app_TKEO_std_9_coef,123,617,688,123,617.0,476.0,267.7539806943801
app_entropy_shannon_2_coef,124,687,726,124,687.0,512.3333333333334,275.29172341959776
tqwt_entropy_log_dec_27,125,6,26,6,26.0,52.333333333333336,14.076034648700674
tqwt_skewnessValue_dec_23,126,21,134,21,126.0,93.66666666666667,47.60526315789475
app_LT_TKEO_mean_9_coef,127,636,608,127,608.0,457.0,270.48764403057965
app_LT_entropy_shannon_2_coef,128,660,572,128,572.0,453.3333333333333,270.8582703058205
tqwt_minValue_dec_9,129,572,717,129,572.0,472.6666666666667,275.358451089078
tqwt_TKEO_mean_dec_17,130,95,12,12,95.0,79.0,29.541528239202663
meanPeriodPulses,131,218,265,131,218.0,204.66666666666666,187.56648463769076
tqwt_minValue_dec_8,132,339,105,105,132.0,192.0,149.63026655202063
locPctJitter,133,435,389,133,389.0,319.0,242.16316304827356
tqwt_entropy_log_dec_10,134,591,627,134,591.0,450.6666666666667,279.0793657930678
tqwt_medianValue_dec_16,135,20,103,20,103.0,86.0,44.698633806589875
app_LT_TKEO_mean_8_coef,136,637,577,136,577.0,450.0,281.5341169579445
tqwt_energy_dec_16,137,228,376,137,228.0,247.0,209.13487974548303
tqwt_energy_dec_13,138,189,303,138,189.0,210.0,189.4212986265909
tqwt_maxValue_dec_7,139,557,551,139,551.0,415.6666666666667,277.6631447174015
tqwt_skewnessValue_dec_18,140,514,518,140,514.0,390.6666666666667,272.2598677483128
tqwt_TKEO_std_dec_8,141,735,661,141,661.0,512.3333333333334,301.03549879810333
tqwt_TKEO_std_dec_16,142,748,677,142,677.0,522.3333333333334,304.37518659717307
tqwt_stdValue_dec_8,143,700,744,143,700.0,529.0,307.19875923288026
tqwt_stdValue_dec_36,144,530,709,144,530.0,461.0,292.92086050531776
tqwt_skewnessValue_dec_5,145,561,614,145,561.0,440.0,291.04322017601964
tqwt_skewnessValue_dec_22,146,411,508,146,411.0,355.0,266.64512103381713
tqwt_maxValue_dec_13,147,549,531,147,531.0,409.0,285.5116028062601
app_LT_entropy_log_3_coef,148,650,584,148,584.0,460.6666666666667,299.7737588753397
tqwt_entropy_shannon_dec_27,149,477,327,149,327.0,317.6666666666667,252.82426978515096
tqwt_entropy_log_dec_8,150,609,591,150,591.0,450.0,299.97749662449365
std_10th_delta,151,47,33,33,47.0,77.0,51.54449416770597
GNE_mean,152,483,191,152,191.0,275.3333333333333,216.06138643355712
locAbsJitter,153,120,129,120,129.0,134.0,132.61884763984546
tqwt_TKEO_mean_dec_9,154,368,417,154,368.0,313.0,258.42065129435093
numPulses,155,92,219,92,155.0,155.33333333333334,137.06523488361887
app_TKEO_std_5_coef,156,673,663,156,663.0,497.3333333333333,318.99839142091156
app_det_TKEO_mean_10_coef,157,730,634,157,634.0,507.0,322.00668273832736
std_10th_delta_delta,158,135,311,135,158.0,201.33333333333334,176.97073444016613
tqwt_entropy_shannon_dec_12,159,511,513,159,511.0,394.3333333333333,294.24535308112075
tqwt_minValue_dec_6,160,570,714,160,570.0,481.3333333333333,318.9810914078573
tqwt_TKEO_std_dec_15,161,186,5,5,161.0,117.33333333333333,14.178529718127583
tqwt_entropy_log_dec_19,162,625,618,162,618.0,468.3333333333333,319.4560733540271
tqwt_entropy_shannon_dec_7,163,261,363,163,261.0,262.3333333333333,235.8266625944873
tqwt_maxValue_dec_28,164,520,481,164,481.0,388.3333333333333,297.040291201205
tqwt_stdValue_dec_33,165,531,706,165,531.0,467.3333333333333,320.5033757001404
tqwt_meanValue_dec_15,166,404,149,149,166.0,239.66666666666666,197.22889061410316
app_LT_entropy_log_4_coef,167,649,587,167,587.0,467.6666666666667,324.94141391785485
tqwt_medianValue_dec_20,168,277,176,168,176.0,207.0,196.79477157685656
tqwt_entropy_shannon_dec_6,169,332,429,169,332.0,310.0,266.4248645018946
tqwt_skewnessValue_dec_12,170,55,272,55,170.0,165.66666666666666,108.144578313253
app_TKEO_std_10_coef,171,618,687,171,618.0,492.0,336.25952840806457
tqwt_maxValue_dec_9,172,548,534,172,534.0,418.0,315.40997961298086
tqwt_entropy_log_dec_14,173,629,624,173,624.0,475.3333333333333,334.34617777157723
tqwt_maxValue_dec_16,174,551,539,174,539.0,421.3333333333333,318.5627793337703
tqwt_stdValue_dec_10,175,698,746,175,698.0,539.6666666666666,353.463760395548
app_det_TKEO_mean_5_coef,176,84,18,18,84.0,92.66666666666667,41.01602959309494
app_LT_TKEO_mean_4_coef,177,336,74,74,177.0,195.66666666666666,135.50489562165157
tqwt_entropy_shannon_dec_19,178,118,108,108,118.0,134.66666666666666,128.46968209620178
tqwt_maxValue_dec_10,179,463,245,179,245.0,295.6666666666667,253.63432528199127
app_TKEO_std_6_coef,180,195,276,180,195.0,217.0,209.68831168831167
tqwt_stdValue_dec_17,181,590,725,181,590.0,498.6666666666667,348.87422739254845
tqwt_energy_dec_11,182,74,242,74,182.0,166.0,129.6442322991249
tqwt_skewnessValue_dec_17,183,193,432,183,193.0,269.3333333333333,231.47000015170593
app_entropy_log_4_coef,184,743,651,184,651.0,526.0,360.71670343655467
IMF_SNR_SEO,185,108,283,108,185.0,192.0,164.85116473435116
std_11th_delta,186,101,385,101,186.0,224.0,167.83463927413928
tqwt_minValue_dec_14,187,436,483,187,436.0,368.6666666666667,308.9100488702833
DFA,188,34,268,34,188.0,163.33333333333334,77.99854298203012
app_LT_TKEO_std_10_coef,189,667,566,189,566.0,474.0,350.5885164251121
tqwt_kurtosisValue_dec_18,190,72,179,72,179.0,147.0,121.26778698537423
tqwt_maxValue_dec_8,191,566,541,191,541.0,432.6666666666667,338.9518220086044
tqwt_minValue_dec_16,192,576,720,192,576.0,496.0,360.0
tqwt_kurtosisValue_dec_6,193,492,451,193,451.0,378.6666666666667,318.0944066592224
tqwt_entropy_log_dec_20,194,284,437,194,284.0,305.0,273.620383207946
tqwt_maxValue_dec_14,195,550,535,195,535.0,426.6666666666667,340.30791281569714
tqwt_stdValue_dec_19,196,588,723,196,588.0,502.3333333333333,366.4862068965518
Ed2_3_coef,197,341,459,197,341.0,332.3333333333333,294.48307488563256
tqwt_entropy_log_dec_5,198,593,581,198,581.0,457.3333333333333,354.693106406579
std_7th_delta,199,30,73,30,73.0,100.66666666666667,57.62903865649932
tqwt_TKEO_mean_dec_36,200,462,217,200,217.0,293.0,254.8247434908961
app_det_TKEO_mean_8_coef,201,727,636,201,636.0,521.3333333333334,378.64601845627334
app_LT_TKEO_mean_10_coef,202,635,600,202,600.0,479.0,366.21250812885626
tqwt_stdValue_dec_7,203,701,743,203,701.0,549.0,389.6844337971068
std_3rd_delta_delta,204,170,161,161,170.0,178.33333333333334,176.51737728412755
tqwt_stdValue_dec_35,205,536,708,205,536.0,483.0,367.8206106148386
tqwt_energy_dec_5,206,654,553,206,553.0,471.0,366.22259726300337
tqwt_kurtosisValue_dec_28,207,65,136,65,136.0,136.0,108.81994965012784
tqwt_stdValue_dec_30,208,535,703,208,535.0,482.0,370.40117801356985
app_LT_entropy_shannon_1_coef,209,445,522,209,445.0,392.0,335.2858586579434
tqwt_TKEO_mean_dec_7,210,672,571,210,571.0,484.3333333333333,374.93844049247605
tqwt_meanValue_dec_8,211,407,410,211,407.0,342.6666666666667,311.35307451283245
tqwt_stdValue_dec_18,212,395,526,212,395.0,377.6666666666667,327.8771878458248
locShimmer,213,224,338,213,224.0,258.3333333333333,247.57170782630055
app_LT_TKEO_std_7_coef,214,670,617,214,617.0,500.3333333333333,385.2980511260032
tqwt_skewnessValue_dec_11,215,281,281,215,281.0,259.0,254.91561181434605
tqwt_entropy_shannon_dec_17,216,192,35,35,192.0,147.66666666666666,78.10589754627637
tqwt_minValue_dec_7,217,571,715,217,571.0,501.0,386.6871445469187
tqwt_meanValue_dec_27,218,295,27,27,218.0,180.0,66.64589757039955
tqwt_kurtosisValue_dec_35,219,83,76,76,83.0,126.0,100.76481314887306
app_LT_TKEO_mean_6_coef,220,639,599,220,599.0,486.0,385.6116045738116
std_4th_delta,221,91,159,91,159.0,157.0,137.59444340854
GQ_std_cycle_open,222,301,387,222,301.0,303.3333333333333,288.1638715860086
ppq5Jitter,223,164,116,116,164.0,167.66666666666666,156.22920553864282
tqwt_TKEO_mean_dec_10,224,714,569,224,569.0,502.3333333333333,393.5812057238582
tqwt_kurtosisValue_dec_27,225,196,320,196,225.0,247.0,236.7520411587071
tqwt_medianValue_dec_27,226,299,157,157,226.0,227.33333333333334,212.18377455849705
mean_MFCC_3rd_coef,227,117,78,78,117.0,140.66666666666666,116.4017531044558
tqwt_skewnessValue_dec_24,228,206,220,206,220.0,218.0,217.61541053577446
tqwt_TKEO_mean_dec_15,229,427,492,229,427.0,382.6666666666667,343.20022828064253
tqwt_TKEO_std_dec_18,230,342,298,230,298.0,290.0,282.2863244432313
app_LT_TKEO_std_4_coef,231,653,589,231,589.0,491.0,396.9203864670992
tqwt_TKEO_mean_dec_18,232,522,509,232,509.0,421.0,366.2695002871913
app_det_TKEO_mean_4_coef,233,722,639,233,639.0,531.3333333333334,414.2598015854155
mean_MFCC_1st_coef,234,13,63,13,63.0,103.33333333333333,30.90566037735849
mean_MFCC_0th_coef,235,494,442,235,442.0,390.3333333333333,351.2035828686677
std_12th_delta,236,103,162,103,162.0,167.0,149.11377578067808
app_det_TKEO_mean_6_coef,237,724,638,237,638.0,533.0,418.5254502960344
tqwt_medianValue_dec_17,238,489,502,238,489.0,409.6666666666667,364.1350158724882
tqwt_TKEO_std_dec_10,239,752,685,239,685.0,558.6666666666666,430.1851349289452
tqwt_medianValue_dec_31,240,357,210,210,240.0,269.0,255.76119402985074
app_det_TKEO_mean_9_coef,241,728,635,241,635.0,534.6666666666666,422.66575446752057
tqwt_maxValue_dec_1,242,244,390,242,244.0,292.0,277.9142999662091
app_LT_entropy_log_1_coef,243,589,626,243,589.0,486.0,404.8329881814991
tqwt_skewnessValue_dec_16,244,498,409,244,409.0,383.6666666666667,350.8205463657969
tqwt_medianValue_dec_36,245,46,107,46,107.0,132.66666666666666,85.30832173933548
tqwt_skewnessValue_dec_21,246,232,411,232,246.0,296.3333333333333,277.5599574014909
tqwt_medianValue_dec_13,247,35,231,35,231.0,171.0,81.19296081965658
tqwt_kurtosisValue_dec_22,248,162,22,22,162.0,144.0,53.899016180177256
app_entropy_shannon_1_coef,249,87,25,25,87.0,120.33333333333333,54.04400758407344
app_TKEO_std_1_coef,250,274,310,250,274.0,278.0,275.8508703559366
tqwt_energy_dec_6,251,33,44,33,44.0,109.33333333333333,52.618316569613555
tqwt_medianValue_dec_24,252,504,501,252,501.0,419.0,377.4349775784753
tqwt_energy_dec_17,253,122,271,122,253.0,215.33333333333334,189.40198202142034
std_5th_delta,254,203,66,66,203.0,174.33333333333334,124.92384122167294
tqwt_TKEO_mean_dec_6,255,314,3,3,255.0,190.66666666666666,8.812135441505559
tqwt_stdValue_dec_32,256,538,705,256,538.0,499.6666666666667,417.6280362094228
app_LT_TKEO_std_3_coef,257,132,45,45,132.0,144.66666666666666,89.04975791868402
tqwt_entropy_log_dec_34,258,390,394,258,390.0,347.3333333333333,334.14483665419243
tqwt_stdValue_dec_20,259,344,29,29,259.0,210.66666666666666,72.72596943227344
app_entropy_log_1_coef,260,237,274,237,260.0,257.0,256.07761453604184
tqwt_energy_dec_15,261,223,340,223,261.0,274.6666666666667,266.50323437913835
tqwt_entropy_log_dec_28,262,474,371,262,371.0,369.0,347.9504888683026
tqwt_TKEO_mean_dec_14,263,731,556,263,556.0,516.6666666666666,430.48823425965577
tqwt_medianValue_dec_30,264,104,167,104,167.0,178.33333333333334,154.7086557495051
tqwt_entropy_shannon_dec_33,265,134,42,42,134.0,147.0,85.6022805540675
tqwt_energy_dec_24,266,345,87,87,266.0,232.66666666666666,165.26920449605663
VFER_entropy,267,493,118,118,267.0,292.6666666666667,210.55154962925477
tqwt_entropy_log_dec_4,268,594,582,268,582.0,481.3333333333333,420.5769796451982
locDbShimmer,269,499,507,269,499.0,425.0,389.92097317262755
tqwt_kurtosisValue_dec_2,270,139,206,139,206.0,205.0,190.4481705314327
tqwt_minValue_dec_33,271,587,568,271,568.0,475.3333333333333,419.3353990665526
app_LT_TKEO_std_9_coef,272,668,546,272,546.0,495.3333333333333,428.2668447166357
tqwt_TKEO_std_dec_19,273,14,85,14,85.0,124.0,34.53981642272389
det_entropy_log_1_coef,274,306,351,274,306.0,310.3333333333333,307.1689629258517
app_LT_TKEO_mean_2_coef,275,310,47,47,275.0,210.66666666666666,106.6144840125948
tqwt_meanValue_dec_34,276,233,67,67,233.0,192.0,131.3461706516548
tqwt_entropy_log_dec_36,277,464,428,277,428.0,389.6666666666667,370.2913147667812
tqwt_TKEO_mean_dec_34,278,719,724,278,719.0,573.6666666666666,471.0198478914192
tqwt_stdValue_dec_34,279,544,707,279,544.0,510.0,438.7958840680064
tqwt_TKEO_std_dec_9,280,745,662,280,662.0,562.3333333333334,466.97807586090295
tqwt_maxValue_dec_3,281,374,331,281,331.0,328.6666666666667,324.1959185955844
tqwt_skewnessValue_dec_8,282,113,146,113,146.0,180.33333333333334,155.8848731236598
tqwt_TKEO_std_dec_3,283,220,188,188,220.0,230.33333333333334,223.9111360506045
tqwt_meanValue_dec_21,284,319,238,238,284.0,280.3333333333333,276.3040621929862
IMF_NSR_TKEO,285,57,288,57,285.0,210.0,122.32488822652758
tqwt_TKEO_std_dec_20,286,80,170,80,170.0,178.66666666666666,137.1186839012926
tqwt_energy_dec_14,287,263,125,125,263.0,225.0,196.2502859995424
app_det_TKEO_mean_7_coef,288,726,637,288,637.0,550.3333333333334,467.32674156672584
app_LT_TKEO_mean_7_coef,289,638,601,289,601.0,509.3333333333333,448.3300216180788
std_12th_delta_delta,290,552,605,290,552.0,482.3333333333333,433.9798951440649
tqwt_entropy_shannon_dec_5,291,322,396,291,322.0,336.3333333333333,330.8603834150691
tqwt_TKEO_mean_dec_30,292,433,453,292,433.0,392.6666666666667,377.75611450531045
rapJitter,293,466,244,244,293.0,334.3333333333333,310.64735464700647
tqwt_medianValue_dec_18,294,446,156,156,294.0,298.6666666666667,248.88480070083224
tqwt_TKEO_mean_dec_26,295,725,698,295,698.0,572.6666666666666,483.7300922950634
tqwt_energy_dec_1,296,259,65,65,259.0,206.66666666666666,132.60255989497867
f1,297,53,255,53,255.0,201.66666666666666,114.69425950795784
mean_MFCC_5th_coef,298,58,96,58,96.0,150.66666666666666,96.73128643606685
tqwt_entropy_shannon_dec_18,299,212,168,168,212.0,226.33333333333334,214.0740303948109
app_det_TKEO_mean_2_coef,300,733,641,300,641.0,558.0,479.4130284688108
tqwt_kurtosisValue_dec_5,301,62,92,62,92.0,151.66666666666666,98.94179568942333
Ed_2_coef,302,579,613,302,579.0,498.0,449.7956556830151
tqwt_medianValue_dec_5,303,185,355,185,303.0,281.0,260.35707276652346
tqwt_stdValue_dec_5,304,695,741,304,695.0,580.0,493.59557516822747
app_LT_TKEO_mean_5_coef,305,640,596,305,596.0,513.6666666666666,460.1903958228949
tqwt_meanValue_dec_25,306,171,230,171,230.0,235.66666666666666,222.82048433681402
std_5th_delta_delta,307,250,424,250,307.0,327.0,311.98588767664376
tqwt_entropy_log_dec_33,308,4,68,4,68.0,126.66666666666667,11.1960085531005
tqwt_meanValue_dec_35,309,529,524,309,524.0,454.0,426.43910696297377
app_LT_TKEO_mean_3_coef,310,231,193,193,231.0,244.66666666666666,235.54984291825497
app_LT_TKEO_std_1_coef,311,167,55,55,167.0,177.66666666666666,109.54791823794854
tqwt_minValue_dec_18,312,569,646,312,569.0,509.0,460.78808122637787
tqwt_energy_dec_28,313,211,469,211,313.0,331.0,298.0205228368276
tqwt_medianValue_dec_9,314,315,425,314,315.0,351.3333333333333,344.3424304067061
tqwt_kurtosisValue_dec_19,315,454,325,315,325.0,364.6666666666667,354.85449247330985
det_LT_TKEO_mean_5_coef,316,276,123,123,276.0,238.33333333333334,201.10167966406718
tqwt_meanValue_dec_12,317,308,468,308,317.0,364.3333333333333,351.36707199540666
tqwt_TKEO_std_dec_17,318,245,21,21,245.0,194.66666666666666,54.6992745143927
app_det_TKEO_mean_3_coef,319,721,640,319,640.0,560.0,493.0756733761427
tqwt_kurtosisValue_dec_16,320,172,434,172,320.0,308.6666666666667,266.8302999612761
tqwt_kurtosisValue_dec_17,321,27,211,27,211.0,186.33333333333334,66.82758998720995
VFER_NSR_SEO,322,182,334,182,322.0,279.3333333333333,258.7521283158544
tqwt_entropy_log_dec_18,323,626,619,323,619.0,522.6666666666666,475.5165856370523
apq5Shimmer,324,384,121,121,324.0,276.3333333333333,214.9759524761524
ddpJitter,325,526,489,325,489.0,446.6666666666667,427.164620696351
mean_0th_delta,326,347,348,326,347.0,340.3333333333333,340.02455330150923
std_MFCC_12th_coef,327,388,163,163,327.0,292.6666666666667,254.87679370309053
std_MFCC_10th_coef,328,405,120,120,328.0,284.3333333333333,216.58695652173913
tqwt_stdValue_dec_9,329,699,745,329,699.0,591.0,516.1369599861823
tqwt_medianValue_dec_7,330,94,305,94,305.0,243.0,177.01945865036797
tqwt_TKEO_mean_dec_19,331,729,711,331,711.0,590.3333333333334,517.2984685801123
tqwt_maxValue_dec_15,332,516,504,332,504.0,450.6666666666667,432.6407440070552
app_TKEO_std_3_coef,333,732,632,333,632.0,565.6666666666666,504.082928680811
det_LT_TKEO_std_2_coef,334,633,733,334,633.0,566.6666666666666,505.2165897115186
tqwt_kurtosisValue_dec_1,335,501,374,335,374.0,403.3333333333333,391.9068926262073
tqwt_entropy_shannon_dec_32,336,397,266,266,336.0,333.0,324.16729908335117
tqwt_skewnessValue_dec_27,337,226,205,205,226.0,256.0,244.4950594278019
tqwt_maxValue_dec_35,338,559,628,338,559.0,508.3333333333333,473.1976635675526
tqwt_energy_dec_30,339,453,138,138,339.0,310.0,241.86263566953127
tqwt_entropy_log_dec_9,340,432,506,340,432.0,426.0,414.8071857000402
tqwt_TKEO_std_dec_31,341,145,285,145,285.0,257.0,224.92338591684177
tqwt_TKEO_std_dec_36,342,715,673,342,673.0,576.6666666666666,516.4878317716142
tqwt_medianValue_dec_21,343,356,60,60,343.0,253.0,133.98176143567738
tqwt_TKEO_std_dec_2,344,716,648,344,648.0,569.3333333333334,513.0981414169124
tqwt_minValue_dec_20,345,180,383,180,345.0,302.6666666666667,271.1233969791964
tqwt_skewnessValue_dec_20,346,352,316,316,346.0,338.0,337.24388363126536
stdDevPeriodPulses,347,288,257,257,288.0,297.3333333333333,292.8224192512475
tqwt_maxValue_dec_19,348,553,543,348,543.0,481.3333333333333,459.87568488177124
std_MFCC_4th_coef,349,52,124,52,124.0,175.0,99.46746817538896
std_MFCC_7th_coef,350,240,294,240,294.0,294.6666666666667,287.7650897226753
tqwt_kurtosisValue_dec_23,351,73,381,73,351.0,268.3333333333333,156.47570885893347
det_entropy_log_10_coef,352,694,712,352,694.0,586.0,527.5814608104829
tqwt_TKEO_mean_dec_5,353,671,550,353,550.0,524.6666666666666,488.49146879683224
Ed_4_coef,354,580,609,354,580.0,514.3333333333334,484.571813890762
tqwt_stdValue_dec_1,355,707,737,355,707.0,599.6666666666666,536.847352998368
tqwt_entropy_log_dec_3,356,595,583,356,583.0,511.3333333333333,483.4867595950685
tqwt_kurtosisValue_dec_20,357,96,284,96,284.0,245.66666666666666,179.22309788613094
det_TKEO_mean_1_coef,358,309,347,309,347.0,338.0,336.6479532026977
tqwt_entropy_log_dec_7,359,452,256,256,359.0,355.6666666666667,336.92136994300915
mean_2nd_delta,360,42,93,42,93.0,165.0,80.34281796366129
tqwt_meanValue_dec_5,361,38,135,38,135.0,178.0,82.20691594039923
tqwt_maxValue_dec_23,362,509,499,362,499.0,456.6666666666667,445.6940055292808
mean_MFCC_6th_coef,363,5,110,5,110.0,159.33333333333334,14.161248374512352
tqwt_meanValue_dec_13,364,215,258,215,258.0,279.0,266.0899131091802
tqwt_medianValue_dec_6,365,691,678,365,678.0,578.0,529.8639926542812
tqwt_TKEO_mean_dec_4,366,613,552,366,552.0,510.3333333333333,485.8176854096547
tqwt_energy_dec_29,367,605,559,367,559.0,510.3333333333333,486.4919850584609
tqwt_skewnessValue_dec_28,368,36,131,36,131.0,178.33333333333334,78.6807713232183
tqwt_stdValue_dec_24,369,541,697,369,541.0,535.6666666666666,500.5693003589164
GNE_SNR_SEO,370,496,275,275,370.0,380.3333333333333,359.05803116180897
mean_11th_delta,371,358,323,323,358.0,350.6666666666667,349.4593643509782
tqwt_minValue_dec_23,372,581,554,372,554.0,502.3333333333333,482.7500073915392
tqwt_entropy_shannon_dec_34,373,155,51,51,155.0,193.0,104.38260387288625
tqwt_entropy_log_dec_1,374,9,297,9,297.0,226.66666666666666,25.607776838546073
meanNoiseToHarmHarmonicity,375,472,158,158,375.0,335.0,269.9195048033305
Ed_10_coef,376,486,529,376,486.0,463.6666666666667,454.0262957663128
tqwt_meanValue_dec_16,377,175,241,175,241.0,264.3333333333333,239.6896842824624
tqwt_energy_dec_33,378,257,59,59,257.0,231.33333333333334,127.73727258544993
tqwt_skewnessValue_dec_35,379,298,295,295,298.0,324.0,319.69113117569736
tqwt_maxValue_dec_5,380,567,575,380,567.0,507.3333333333333,489.047152246426
tqwt_minValue_dec_2,381,455,485,381,455.0,440.3333333333333,435.7722674775187
tqwt_medianValue_dec_33,382,227,53,53,227.0,220.66666666666666,115.87032632720123
tqwt_medianValue_dec_3,383,376,354,354,376.0,371.0,370.58085651838894
tqwt_stdValue_dec_21,384,540,722,384,540.0,548.6666666666666,513.6054011032742
tqwt_TKEO_std_dec_32,385,222,133,133,222.0,246.66666666666666,205.18847660363056
tqwt_maxValue_dec_34,386,558,607,386,558.0,517.0,497.4930720094978
det_TKEO_std_3_coef,387,680,735,387,680.0,600.6666666666666,554.0051842410528
std_MFCC_9th_coef,388,497,322,322,388.0,402.3333333333333,389.8644554484456
std_MFCC_1st_coef,389,242,218,218,242.0,283.0,265.7199606380775
det_LT_TKEO_mean_1_coef,390,221,412,221,390.0,341.0,315.2527506347618
tqwt_skewnessValue_dec_3,391,111,154,111,154.0,218.66666666666666,166.11240255490475
meanHarmToNoiseHarmonicity,392,378,444,378,392.0,404.6666666666667,402.7507713404183
tqwt_minValue_dec_34,393,302,57,57,302.0,250.66666666666666,128.2070612314515
tqwt_meanValue_dec_17,394,50,302,50,302.0,248.66666666666666,116.05716961011262
tqwt_kurtosisValue_dec_34,395,176,397,176,395.0,322.6666666666667,279.52857292366485
GQ_std_cycle_closed,396,564,622,396,564.0,527.3333333333334,507.95635640320603
tqwt_entropy_shannon_dec_9,397,503,382,382,397.0,427.3333333333333,421.06656043982326
tqwt_TKEO_mean_dec_32,398,141,405,141,398.0,314.6666666666667,248.4698975631621
tqwt_entropy_shannon_dec_10,399,412,460,399,412.0,423.6666666666667,422.0974680341168
Ed_1_coef,400,365,202,202,365.0,322.3333333333333,294.3998935214455
tqwt_entropy_shannon_dec_4,401,449,488,401,449.0,446.0,443.1237776309618
tqwt_TKEO_std_dec_4,402,394,503,394,402.0,433.0,427.7339971652326
Ed2_2_coef,403,127,139,127,139.0,223.0,170.94358074825192
mean_MFCC_10th_coef,404,268,212,212,268.0,294.6666666666667,274.63544126092785
std_2nd_delta,405,443,470,405,443.0,439.3333333333333,437.69220121977594
tqwt_maxValue_dec_21,406,554,545,406,545.0,501.6666666666667,491.56388513134186
mean_delta_log_energy,407,86,250,86,250.0,247.66666666666666,165.8841594419028
mean_4th_delta,408,181,364,181,364.0,317.6666666666667,279.7699726620502
tqwt_maxValue_dec_36,409,199,88,88,199.0,232.0,159.28851328811297
tqwt_entropy_shannon_dec_21,410,184,86,86,184.0,226.66666666666666,153.83263254402328
tqwt_maxValue_dec_2,411,393,415,393,411.0,406.3333333333333,406.10468251131397
tqwt_minValue_dec_3,412,303,15,15,303.0,243.33333333333334,41.43979463119924
det_LT_TKEO_mean_3_coef,413,608,633,413,608.0,551.3333333333334,531.3662693323022
tqwt_kurtosisValue_dec_12,414,169,309,169,309.0,297.3333333333333,259.3167168439865
tqwt_stdValue_dec_4,415,703,740,415,703.0,619.3333333333334,578.7634319722267
tqwt_medianValue_dec_22,416,121,16,16,121.0,184.33333333333334,41.00135758892207
tqwt_maxValue_dec_4,417,487,473,417,473.0,459.0,456.92461045457935
tqwt_stdValue_dec_28,418,532,701,418,532.0,550.3333333333334,526.4471916841339
det_LT_entropy_shannon_3_coef,419,601,664,419,601.0,561.3333333333334,539.9031190432881
tqwt_TKEO_mean_dec_28,420,297,180,180,297.0,299.0,265.4042553191489
mean_MFCC_12th_coef,421,235,237,235,237.0,297.6666666666667,276.49705000255494
tqwt_meanValue_dec_10,422,325,186,186,325.0,311.0,277.1891253640091
meanAutoCorrHarmonicity,423,389,64,64,389.0,292.0,145.9160981918112
tqwt_energy_dec_4,424,280,75,75,280.0,259.6666666666667,155.73694029850748
IMF_SNR_entropy,425,125,399,125,399.0,316.3333333333333,233.29588186737593
tqwt_entropy_shannon_dec_1,426,502,479,426,479.0,469.0,466.7711539513096
tqwt_stdValue_dec_27,427,543,700,427,543.0,556.6666666666666,534.5580719780515
tqwt_maxValue_dec_18,428,321,148,148,321.0,299.0,245.7310344827586
tqwt_entropy_log_dec_21,429,623,616,429,616.0,556.0,539.6153781441911
tqwt_TKEO_mean_dec_27,430,210,172,172,210.0,270.6666666666667,232.5321888412017
VFER_mean,431,461,359,359,431.0,417.0,412.3768969723599
tqwt_entropy_shannon_dec_26,432,126,114,114,126.0,224.0,157.7017383348582
tqwt_TKEO_mean_dec_20,433,428,362,362,428.0,407.6666666666667,404.94855997714313
tqwt_energy_dec_35,434,465,194,194,434.0,364.3333333333333,312.19676994067237
tqwt_medianValue_dec_35,435,346,130,130,346.0,303.6666666666667,232.89517536898904
tqwt_energy_dec_32,436,604,538,436,538.0,526.0,516.5339788835093
tqwt_minValue_dec_35,437,476,225,225,437.0,379.3333333333333,339.6118392886945
tqwt_kurtosisValue_dec_25,438,49,214,49,214.0,233.66666666666666,109.63243157224699
det_LT_TKEO_std_1_coef,439,444,282,282,439.0,388.3333333333333,371.45925635584626
RPDE,440,271,328,271,328.0,346.3333333333333,332.90630107136377
det_TKEO_std_5_coef,441,456,433,433,441.0,443.3333333333333,443.1298276327106
tqwt_TKEO_mean_dec_33,442,720,727,442,720.0,629.6666666666666,596.7954298056601
tqwt_TKEO_std_dec_22,443,736,670,443,670.0,616.3333333333334,587.2485658319429
tqwt_TKEO_std_dec_23,444,475,515,444,475.0,478.0,476.24619072326936
tqwt_medianValue_dec_15,445,419,277,277,419.0,380.3333333333333,363.90392523891273
det_LT_TKEO_mean_4_coef,446,204,350,204,350.0,333.3333333333333,299.96232149809725
IMF_NSR_entropy,447,527,528,447,527.0,500.6666666666667,497.627224971694
mean_Log_energy,448,343,480,343,448.0,423.6666666666667,414.8845023099538
tqwt_meanValue_dec_14,449,512,472,449,472.0,477.6666666666667,476.27056826827413
std_MFCC_8th_coef,450,207,349,207,349.0,335.3333333333333,302.4660172495604
app_TKEO_std_4_coef,451,229,416,229,416.0,365.3333333333333,333.7801061220896
det_LT_entropy_log_1_coef,452,77,54,54,77.0,194.33333333333334,88.9734574719899
GNE_std,453,264,171,171,264.0,296.0,253.306974843001
tqwt_entropy_shannon_dec_29,454,359,496,359,454.0,436.3333333333333,428.3090877623032
tqwt_kurtosisValue_dec_15,455,318,419,318,419.0,397.3333333333333,388.14395499565705
tqwt_entropy_shannon_dec_20,456,490,514,456,490.0,486.6666666666667,485.4899927291583
Ed_9_coef,457,485,439,439,457.0,460.3333333333333,459.5627795454224
tqwt_TKEO_std_dec_1,458,717,652,458,652.0,609.0,586.8718430386501
tqwt_TKEO_mean_dec_35,459,718,654,459,654.0,610.3333333333334,588.1823709202052
det_LT_entropy_log_2_coef,460,361,270,270,361.0,363.6666666666667,346.9130580558636
tqwt_maxValue_dec_22,461,165,111,111,165.0,245.66666666666666,174.02590844446277
mean_7th_delta_delta,462,44,344,44,344.0,283.3333333333333,107.91851516523313
mean_11th_delta_delta,463,90,373,90,373.0,308.6666666666667,188.06533058534555
VFER_SNR_TKEO,464,328,14,14,328.0,268.6666666666667,39.14786869181774
GNE_NSR_SEO,465,89,342,89,342.0,298.6666666666667,183.93094306766642
tqwt_maxValue_dec_6,466,79,72,72,79.0,205.66666666666666,104.55497409735189
det_LT_entropy_shannon_10_coef,467,421,91,91,421.0,326.3333333333333,193.47804192275112
tqwt_meanValue_dec_3,468,289,293,289,293.0,350.0,332.9659966447558
tqwt_stdValue_dec_25,469,179,465,179,465.0,371.0,303.9721261138264
tqwt_energy_dec_8,470,174,228,174,228.0,290.6666666666667,244.68321872867568
tqwt_energy_dec_3,471,59,126,59,126.0,218.66666666666666,111.07489769374743
tqwt_TKEO_std_dec_26,472,337,304,304,337.0,371.0,358.188562962963
tqwt_meanValue_dec_26,473,246,356,246,356.0,358.3333333333333,333.7711550754454
tqwt_maxValue_dec_33,474,183,335,183,335.0,330.6666666666667,284.11081453670846
tqwt_meanValue_dec_23,475,209,195,195,209.0,293.0,249.62229481420988
mean_delta_delta_log_energy,476,68,262,68,262.0,268.6666666666667,145.4650077760498
tqwt_entropy_shannon_dec_3,477,255,239,239,255.0,323.6666666666667,294.0569587602796
Ed_8_coef,478,574,537,478,537.0,529.6666666666666,526.6476809135276
tqwt_entropy_log_dec_25,479,32,56,32,56.0,189.0,58.599672310213
det_LT_entropy_shannon_8_coef,480,414,440,414,440.0,444.6666666666667,443.0320226996352
Ed2_8_coef,481,610,676,481,610.0,589.0,577.1854429900885
tqwt_kurtosisValue_dec_13,482,437,431,431,437.0,450.0,448.88649680331883
det_LT_entropy_shannon_4_coef,483,144,213,144,213.0,280.0,218.82359197057653
det_LT_TKEO_mean_9_coef,484,400,98,98,400.0,327.3333333333333,203.11170744240488
std_MFCC_0th_coef,485,282,346,282,346.0,371.0,353.01890827348865
det_LT_entropy_shannon_9_coef,486,409,378,378,409.0,424.3333333333333,419.6917353710034
tqwt_meanValue_dec_6,487,153,377,153,377.0,339.0,266.8598566773594
tqwt_minValue_dec_4,488,568,713,488,568.0,589.6666666666666,575.5651579634059
tqwt_medianValue_dec_11,489,292,290,290,292.0,357.0,336.4011936806417
mean_MFCC_4th_coef,490,252,106,106,252.0,282.6666666666667,194.26236320820058
tqwt_medianValue_dec_19,491,238,232,232,238.0,320.3333333333333,284.39562775800215
tqwt_minValue_dec_19,492,198,36,36,198.0,242.0,86.0565371024735
tqwt_skewnessValue_dec_32,493,470,523,470,493.0,495.3333333333333,494.3884415639164
tqwt_energy_dec_2,494,665,560,494,560.0,573.0,564.5714285714286
tqwt_TKEO_std_dec_5,495,402,32,32,402.0,309.6666666666667,83.89786292128909
det_entropy_log_4_coef,496,710,630,496,630.0,612.0,598.5776210946634
tqwt_kurtosisValue_dec_24,497,51,77,51,77.0,208.33333333333334,86.68784329982381
tqwt_TKEO_std_dec_34,498,335,243,243,335.0,358.6666666666667,329.36871866951566
tqwt_meanValue_dec_36,499,287,192,192,287.0,326.0,280.46132766680836
tqwt_energy_dec_21,500,41,20,20,41.0,187.0,39.27203065134099
det_LT_TKEO_std_7_coef,501,657,563,501,563.0,573.6666666666666,566.6496176273633
det_LT_TKEO_std_4_coef,502,391,352,352,391.0,415.0,405.9273116106365
tqwt_medianValue_dec_4,503,205,264,205,264.0,324.0,281.58440421064245
tqwt_energy_dec_10,504,481,491,481,491.0,492.0,491.8202955958125
tqwt_medianValue_dec_1,505,8,199,8,199.0,237.33333333333334,22.726356158187834
f3,506,286,336,286,336.0,376.0,355.07250722930274
std_delta_delta_0th,507,178,31,31,178.0,238.66666666666666,75.28527731182893
tqwt_TKEO_mean_dec_3,508,270,395,270,395.0,391.0,365.68182329516054
det_TKEO_std_2_coef,509,679,736,509,679.0,641.3333333333334,625.5100194347608
GQ_prc5_95,510,521,209,209,510.0,413.3333333333333,346.2260567053694
tqwt_minValue_dec_28,511,585,562,511,562.0,552.6666666666666,550.8925255250101
IMF_SNR_TKEO,512,500,177,177,500.0,396.3333333333333,312.4074976328587
tqwt_TKEO_std_dec_21,513,372,315,315,372.0,400.0,384.0200080492152
det_entropy_shannon_7_coef,514,708,573,514,573.0,598.3333333333334,587.871578152047
tqwt_energy_dec_22,515,460,487,460,487.0,487.3333333333333,486.29864062664655
det_LT_TKEO_std_6_coef,516,317,30,30,317.0,287.6666666666667,78.07235816336272
Ed_3_coef,517,458,454,454,458.0,476.3333333333333,474.6621197581524
tqwt_maxValue_dec_29,518,555,576,518,555.0,549.6666666666666,548.605050257416
tqwt_stdValue_dec_3,519,705,739,519,705.0,654.3333333333334,638.5149724778441
tqwt_TKEO_std_dec_35,520,737,672,520,672.0,643.0,629.1914289250976
tqwt_minValue_dec_25,521,459,449,449,459.0,476.3333333333333,474.2928136121291
det_entropy_shannon_3_coef,522,611,536,522,536.0,556.3333333333334,553.7055979616293
tqwt_skewnessValue_dec_33,523,100,278,100,278.0,300.3333333333333,193.4339716356089
mean_8th_delta,524,253,261,253,261.0,346.0,309.5213809266808
mean_4th_delta_delta,525,469,482,469,482.0,492.0,490.8660573832984
std_1st_delta,526,216,164,164,216.0,302.0,237.56107843470573
tqwt_maxValue_dec_32,527,556,604,527,556.0,562.3333333333334,560.567077445457
tqwt_entropy_shannon_dec_28,528,424,486,424,486.0,479.3333333333333,475.4325665944208
gender,529,753,753,529,753.0,678.3333333333334,659.8625069022639
tqwt_entropy_log_dec_29,530,230,113,113,230.0,291.0,198.8839156800462
det_TKEO_mean_2_coef,531,369,61,61,369.0,320.3333333333333,142.9476158013706
tqwt_maxValue_dec_24,532,159,406,159,406.0,365.6666666666667,282.16540776810706
tqwt_medianValue_dec_29,533,515,461,461,515.0,503.0,501.0758451102989
tqwt_minValue_dec_5,534,425,369,369,425.0,442.6666666666667,432.54918468857016
tqwt_entropy_shannon_dec_22,535,480,404,404,480.0,473.0,466.72704915574485
tqwt_TKEO_std_dec_27,536,380,493,380,493.0,469.6666666666667,459.7244486225484
tqwt_energy_dec_18,537,138,117,117,138.0,264.0,169.91792580398612
tqwt_minValue_dec_31,538,415,474,415,474.0,475.6666666666667,470.36104131604515
det_TKEO_std_8_coef,539,338,226,226,338.0,367.6666666666667,324.7229010683941
det_LT_entropy_shannon_2_coef,540,600,668,540,600.0,602.6666666666666,598.1428255582576
tqwt_skewnessValue_dec_19,541,523,463,463,523.0,509.0,506.73091190407115
tqwt_stdValue_dec_23,542,539,696,539,542.0,592.3333333333334,583.9884807671318
mean_MFCC_9th_coef,543,156,408,156,408.0,369.0,280.2989781021898
VFER_std,544,351,361,351,361.0,418.6666666666667,402.28922708199184
std_1st_delta_delta,545,177,48,48,177.0,256.6666666666667,105.94000960944472
tqwt_entropy_shannon_dec_24,546,377,400,377,400.0,441.0,429.55192838088345
tqwt_maxValue_dec_25,547,545,548,545,547.0,546.6666666666666,546.6638186521157
tqwt_TKEO_std_dec_28,548,742,665,548,665.0,651.6666666666666,641.5347822717258
tqwt_minValue_dec_27,549,584,561,549,561.0,564.6666666666666,564.2965523948761
det_LT_entropy_log_4_coef,550,422,517,422,517.0,496.3333333333333,490.0290488739818
tqwt_maxValue_dec_26,551,254,28,28,254.0,277.6666666666667,72.34812362302608
std_MFCC_6th_coef,552,381,324,324,381.0,419.0,398.7937355151345
tqwt_medianValue_dec_14,553,279,104,104,279.0,312.0,199.89429229906776
det_LT_TKEO_mean_8_coef,554,631,653,554,631.0,612.6666666666666,609.6032291862318
mean_12th_delta_delta,555,99,286,99,286.0,313.3333333333333,194.81385517523523
tqwt_energy_dec_7,556,54,299,54,299.0,303.0,126.78791416761608
tqwt_maxValue_dec_27,557,140,38,38,140.0,245.0,85.09677789902935
det_entropy_shannon_4_coef,558,697,533,533,558.0,596.0,587.8886089686446
mean_MFCC_11th_coef,559,251,101,101,251.0,303.6666666666667,191.40022690539757
tqwt_minValue_dec_29,560,43,252,43,252.0,285.0,103.41339271512645
tqwt_skewnessValue_dec_1,561,382,476,382,476.0,473.0,461.45521661112537
tqwt_entropy_log_dec_23,562,146,122,122,146.0,276.6666666666667,178.3018975467262
det_TKEO_mean_8_coef,563,676,749,563,676.0,662.6666666666666,653.5090092534076
tqwt_entropy_shannon_dec_31,564,283,90,90,283.0,312.3333333333333,182.729284860203
std_MFCC_11th_coef,565,398,475,398,475.0,479.3333333333333,469.64985819916603
std_MFCC_5th_coef,566,75,300,75,300.0,313.6666666666667,162.7476038338658
tqwt_energy_dec_9,567,267,145,145,267.0,326.3333333333333,241.82747072367334
tqwt_stdValue_dec_22,568,533,695,533,568.0,598.6666666666666,591.0648829193427
det_LT_TKEO_mean_2_coef,569,607,684,569,607.0,620.0,616.4082948980098
det_LT_TKEO_std_8_coef,570,658,564,564,570.0,597.3333333333334,594.3898573692552
mean_9th_delta_delta,571,366,379,366,379.0,438.6666666666667,421.22547592752466
tqwt_entropy_log_dec_32,572,23,119,23,119.0,238.0,55.938971665416084
mean_6th_delta,573,434,462,434,462.0,489.6666666666667,482.7924461701376
tqwt_medianValue_dec_32,574,151,386,151,386.0,370.3333333333333,273.8387990963757
tqwt_stdValue_dec_26,575,542,699,542,575.0,605.3333333333334,598.2335301112288
b1,576,97,127,97,127.0,266.6666666666667,150.60690660308612
tqwt_meanValue_dec_19,577,78,234,78,234.0,296.3333333333333,159.34461054287962
det_entropy_shannon_2_coef,578,468,447,447,468.0,497.6666666666667,491.48160733592925
det_TKEO_std_1_coef,579,190,94,94,190.0,287.6666666666667,170.17828147628032
tqwt_maxValue_dec_20,580,105,46,46,105.0,243.66666666666666,90.94470295422575
det_LT_TKEO_std_3_coef,581,655,704,581,655.0,646.6666666666666,642.6263713331505
tqwt_kurtosisValue_dec_29,582,191,413,191,413.0,395.3333333333333,319.995813304028
tqwt_minValue_dec_26,583,583,557,557,583.0,574.3333333333334,574.0677666470242
det_LT_TKEO_mean_6_coef,584,525,520,520,525.0,543.0,541.4998641427406
tqwt_meanValue_dec_1,585,330,296,296,330.0,403.6666666666667,369.54536635840395
b3,586,362,229,229,362.0,392.3333333333333,339.53060406687416
tqwt_maxValue_dec_31,587,349,267,267,349.0,401.0,360.8273607828047
tqwt_minValue_dec_30,588,354,391,354,391.0,444.3333333333333,423.5443333090477
tqwt_skewnessValue_dec_34,589,562,586,562,586.0,579.0,578.744235726561
tqwt_energy_dec_19,590,22,80,22,80.0,230.66666666666666,50.29383274136261
tqwt_stdValue_dec_2,591,706,738,591,706.0,678.3333333333334,672.1195693930292
Ed2_4_coef,592,620,683,592,620.0,631.6666666666666,629.4294447104038
tqwt_entropy_shannon_dec_30,593,396,203,203,396.0,397.3333333333333,328.31013211813723
det_entropy_log_6_coef,594,467,345,345,467.0,468.6666666666667,446.20413929438973
mean_MFCC_8th_coef,595,82,292,82,292.0,323.0,173.40587648190072
tqwt_skewnessValue_dec_10,596,67,112,67,112.0,258.3333333333333,117.50054296423443
tqwt_skewnessValue_dec_29,597,386,166,166,386.0,383.0,291.55052080686954
f2,598,158,223,158,223.0,326.3333333333333,240.27565077241212
tqwt_kurtosisValue_dec_4,599,71,319,71,319.0,329.6666666666667,158.82467737718483
std_MFCC_3rd_coef,600,260,423,260,423.0,427.6666666666667,380.8611335565046
tqwt_stdValue_dec_31,601,136,341,136,341.0,359.3333333333333,251.0589245555512
tqwt_TKEO_mean_dec_2,602,188,370,188,370.0,386.6666666666667,309.82193767325316
mean_delta_delta_0th,603,236,368,236,368.0,402.3333333333333,348.30849997782997
tqwt_kurtosisValue_dec_3,604,519,393,393,519.0,505.3333333333333,489.6407782039308
tqwt_entropy_log_dec_22,605,622,615,605,615.0,614.0,613.9205422158165
tqwt_TKEO_mean_dec_1,606,616,530,530,606.0,584.0,581.3577078737967
tqwt_meanValue_dec_33,607,293,291,291,293.0,397.0,353.07235913050795
tqwt_entropy_shannon_dec_23,608,371,360,360,371.0,446.3333333333333,421.4707062878022
det_TKEO_std_7_coef,609,684,730,609,684.0,674.3333333333334,670.5577729656305
tqwt_meanValue_dec_4,610,364,332,332,364.0,435.3333333333333,405.4796409293593
tqwt_meanValue_dec_18,611,392,144,144,392.0,382.3333333333333,269.49030066884757
tqwt_meanValue_dec_9,612,150,260,150,260.0,340.6666666666667,246.97847682119203
std_0th_delta,613,508,516,508,516.0,545.6666666666666,541.7304144565315
Ea,614,518,401,401,518.0,511.0,495.62757259217807
tqwt_minValue_dec_1,615,546,710,546,615.0,623.6666666666666,616.5267649340574
tqwt_meanValue_dec_32,616,438,321,321,438.0,458.3333333333333,427.2441370600945
tqwt_skewnessValue_dec_2,617,560,611,560,611.0,596.0,594.8697198278899
apq3Shimmer,618,129,153,129,153.0,300.0,188.60796956904952
mean_10th_delta_delta,619,109,236,109,236.0,321.3333333333333,199.63919942828244
tqwt_medianValue_dec_2,620,373,471,373,471.0,488.0,467.5074074021085
tqwt_TKEO_std_dec_25,621,48,89,48,89.0,252.66666666666666,89.07470704764462
IMF_NSR_SEO,622,406,384,384,406.0,470.6666666666667,449.4423838685956
tqwt_minValue_dec_21,623,63,165,63,165.0,283.6666666666667,127.44937319189972
det_entropy_shannon_8_coef,624,709,570,570,624.0,634.3333333333334,629.2754939587065
det_LT_entropy_log_6_coef,625,479,198,198,479.0,434.0,343.3206169505007
mean_1st_delta_delta,626,88,132,88,132.0,282.0,146.07896287566294
tqwt_TKEO_mean_dec_23,627,194,445,194,445.0,422.0,333.4546175123156
tqwt_kurtosisValue_dec_11,628,350,414,350,414.0,464.0,437.00191454348703
Ed_5_coef,629,578,606,578,606.0,604.3333333333334,603.6103210581879
det_TKEO_mean_9_coef,630,677,748,630,677.0,685.0,681.6160427761786
det_LT_TKEO_std_5_coef,631,656,629,629,631.0,638.6666666666666,638.4335167749797
mean_1st_delta,632,256,204,204,256.0,364.0,288.7255761873659
tqwt_maxValue_dec_30,633,547,574,547,574.0,584.6666666666666,582.5137894684394
tqwt_skewnessValue_dec_7,634,213,247,213,247.0,364.6666666666667,290.6777961429306
tqwt_kurtosisValue_dec_7,635,278,443,278,443.0,452.0,403.80862632511116
tqwt_TKEO_std_dec_33,636,484,380,380,484.0,500.0,478.46724404982655
tqwt_stdValue_dec_29,637,534,702,534,637.0,624.3333333333334,616.3936912751678
tqwt_entropy_log_dec_30,638,340,365,340,365.0,447.6666666666667,413.89011831535663
tqwt_entropy_shannon_dec_2,639,505,435,435,505.0,526.3333333333334,513.3475653239226
tqwt_kurtosisValue_dec_9,640,563,598,563,598.0,600.3333333333334,598.6900975628731
ddaShimmer,641,565,558,558,565.0,588.0,585.6985759042733
mean_9th_delta,642,217,178,178,217.0,345.6666666666667,254.58454020313738
tqwt_meanValue_dec_30,643,363,448,363,448.0,484.6666666666667,458.5631803676964
tqwt_energy_dec_31,644,478,182,182,478.0,434.6666666666667,328.2508886093947
tqwt_kurtosisValue_dec_21,645,98,175,98,175.0,306.0,171.735192899837
det_TKEO_mean_10_coef,646,678,747,646,678.0,690.3333333333334,687.8206747506686
tqwt_skewnessValue_dec_6,647,403,314,314,403.0,454.6666666666667,415.9907967095781
det_TKEO_mean_7_coef,648,675,751,648,675.0,691.3333333333334,688.6658238834696
Ed2_5_coef,649,621,682,621,649.0,650.6666666666666,649.7143674325483
det_LT_TKEO_mean_10_coef,650,632,732,632,650.0,671.3333333333334,668.6189987726278
tqwt_entropy_shannon_dec_25,651,11,97,11,97.0,253.0,29.195810858143606
tqwt_minValue_dec_36,652,379,436,379,436.0,489.0,463.97664163164063
Ed_6_coef,653,471,318,318,471.0,480.6666666666667,441.22903480477294
std_2nd_delta_delta,654,163,79,79,163.0,298.6666666666667,147.62145549095797
mean_3rd_delta_delta,655,517,527,517,527.0,566.3333333333334,559.859554586057
std_MFCC_2nd_coef,656,173,184,173,184.0,337.6666666666667,235.48768532162512
mean_5th_delta_delta,657,367,456,367,456.0,493.3333333333333,465.8494964431131
mean_6th_delta_delta,658,154,52,52,154.0,288.0,110.1158572264482
mean_2nd_delta_delta,659,439,430,430,439.0,509.3333333333333,490.12108620365865
tqwt_TKEO_mean_dec_21,660,110,306,110,306.0,358.6666666666667,216.23126338329766
tqwt_TKEO_mean_dec_24,661,418,367,367,418.0,482.0,452.4887258642463
mean_8th_delta_delta,662,370,160,160,370.0,397.3333333333333,286.7170657952495
tqwt_TKEO_mean_dec_25,663,93,39,39,93.0,265.0,79.15147625160462
tqwt_TKEO_mean_dec_22,664,513,484,484,513.0,553.6666666666666,543.3347951224871
tqwt_skewnessValue_dec_31,665,262,254,254,262.0,393.6666666666667,324.0594305910839
tqwt_kurtosisValue_dec_8,666,495,510,495,510.0,557.0,547.1968365553603
mean_12th_delta,667,248,248,248,248.0,387.6666666666667,313.68394437420983
mean_10th_delta,668,157,251,157,251.0,358.6666666666667,253.15395046016843
tqwt_kurtosisValue_dec_33,669,16,207,16,207.0,297.3333333333333,43.58837762870577
tqwt_kurtosisValue_dec_32,670,123,155,123,155.0,316.0,186.63411664434435
tqwt_kurtosisValue_dec_31,671,385,466,385,466.0,507.3333333333333,481.2598759912637
tqwt_kurtosisValue_dec_30,672,304,142,142,304.0,372.6666666666667,253.81091927204855
f4,673,266,366,266,366.0,435.0,376.0565763394122
tqwt_TKEO_std_dec_30,674,740,667,667,674.0,693.6666666666666,692.1562828993451
b2,675,326,173,173,326.0,391.3333333333333,290.435579810947
tqwt_meanValue_dec_2,676,451,143,143,451.0,423.3333333333333,280.6468241791961
b4,677,166,313,166,313.0,385.3333333333333,280.47633830443783
GNE_SNR_TKEO,678,312,398,312,398.0,462.6666666666667,417.09434635277336
GNE_NSR_TKEO,679,457,71,71,457.0,402.3333333333333,169.05746894175604
tqwt_TKEO_std_dec_29,680,741,666,666,680.0,695.6666666666666,694.1845426976845
VFER_SNR_SEO,681,431,339,339,431.0,483.6666666666667,445.20512499272905
VFER_NSR_TKEO,682,324,375,324,375.0,460.3333333333333,415.5491810677713
mean_MFCC_7th_coef,683,107,100,100,107.0,296.6666666666667,144.16199262235256
tqwt_kurtosisValue_dec_14,684,430,128,128,430.0,414.0,258.61913572331423
tqwt_meanValue_dec_7,685,200,333,200,333.0,406.0,317.02898970361707
tqwt_kurtosisValue_dec_10,686,37,196,37,196.0,306.3333333333333,89.3208211143695
tqwt_skewnessValue_dec_15,687,420,498,420,498.0,535.0,513.295325460274
mean_3rd_delta,688,149,259,149,259.0,365.3333333333333,249.4615449662538
tqwt_TKEO_std_dec_24,689,316,392,316,392.0,465.6666666666667,418.5877413828056
mean_5th_delta,690,31,185,31,185.0,302.0,76.70134065579066
tqwt_TKEO_mean_dec_31,691,247,420,247,420.0,452.6666666666667,380.8695143959747
mean_7th_delta,692,429,450,429,450.0,523.6666666666666,500.1407680845806
tqwt_TKEO_mean_dec_29,693,723,731,693,723.0,715.6666666666666,715.2877364294153
tqwt_meanValue_dec_20,694,488,512,488,512.0,564.6666666666666,551.143598175993
det_LT_entropy_log_8_coef,695,447,152,152,447.0,431.3333333333333,292.5421425754106
tqwt_skewnessValue_dec_14,696,291,147,147,291.0,378.0,256.9388737864078
Ed2_1_coef,697,334,452,334,452.0,494.3333333333333,451.73092543037444
det_TKEO_std_4_coef,698,681,734,681,698.0,704.3333333333334,703.6486644921359
det_TKEO_std_6_coef,699,327,446,327,446.0,490.6666666666667,445.7075064597789
tqwt_medianValue_dec_28,700,273,102,102,273.0,358.3333333333333,201.4031534789527
tqwt_energy_dec_20,701,258,222,222,258.0,393.6666666666667,305.9037271813001
tqwt_minValue_dec_32,702,586,567,567,586.0,618.3333333333334,612.9135370352852
det_LT_TKEO_std_10_coef,703,659,565,565,659.0,642.3333333333334,636.9646789805704
det_LT_TKEO_std_9_coef,704,214,151,151,214.0,356.3333333333333,235.92568983040303
det_TKEO_std_9_coef,705,685,729,685,705.0,706.3333333333334,705.8763997634062
det_TKEO_std_10_coef,706,686,728,686,706.0,706.6666666666666,706.2507805343155
tqwt_minValue_dec_24,707,582,555,555,582.0,614.6666666666666,607.9714767200092
Ea2,708,619,686,619,686.0,671.0,668.7972747509591
tqwt_minValue_dec_22,709,408,494,408,494.0,537.0,509.70918472897625
det_LT_TKEO_mean_7_coef,710,630,645,630,645.0,661.6666666666666,659.9005032021958
tqwt_meanValue_dec_22,711,272,287,272,287.0,423.3333333333333,350.17026243236245
Ed2_6_coef,712,624,680,624,680.0,672.0,669.9947958556087
Ed2_7_coef,713,628,679,628,679.0,673.3333333333334,671.4961742703948
Ed2_9_coef,714,596,674,596,674.0,661.3333333333334,657.5930374387458
Ed2_10_coef,715,598,671,598,671.0,661.3333333333334,657.7281171456672
det_LT_entropy_shannon_1_coef,716,599,669,599,669.0,661.3333333333334,657.7698994130453
det_LT_entropy_log_10_coef,717,265,7,7,265.0,329.6666666666667,20.26678823033437
det_LT_entropy_shannon_5_coef,718,387,497,387,497.0,534.0,500.93429063020295
det_LT_entropy_shannon_6_coef,719,355,140,140,355.0,404.6666666666667,264.3036944810838
det_LT_entropy_shannon_7_coef,720,201,438,201,438.0,453.0,346.9363896095366
det_LT_entropy_log_3_coef,721,603,675,603,675.0,666.3333333333334,662.7170459395556
det_LT_entropy_log_9_coef,722,606,681,606,681.0,669.6666666666666,666.1285311871227
det_LT_entropy_log_5_coef,723,197,422,197,422.0,447.3333333333333,339.7917843635699
tqwt_energy_dec_23,724,152,49,49,152.0,308.3333333333333,105.75174541746203
det_TKEO_mean_6_coef,725,147,279,147,279.0,383.6666666666667,254.9663010950001
det_TKEO_mean_5_coef,726,692,752,692,726.0,723.3333333333334,722.493862543411
det_TKEO_mean_4_coef,727,219,70,70,219.0,338.6666666666667,148.31337914147443
tqwt_meanValue_dec_24,728,296,421,296,421.0,481.6666666666667,420.91665841829155
tqwt_entropy_log_dec_31,729,417,457,417,457.0,534.3333333333334,503.5240426958555
tqwt_skewnessValue_dec_9,730,348,426,348,426.0,501.3333333333333,455.1769040528946
tqwt_skewnessValue_dec_4,731,313,187,187,313.0,410.3333333333333,302.71013911718717
det_LT_entropy_log_7_coef,732,130,308,130,308.0,390.0,243.79974269109624
tqwt_meanValue_dec_28,733,85,273,85,273.0,363.6666666666667,178.6568645643322
Ed_7_coef,734,577,578,577,578.0,629.6666666666666,621.6838503448813
det_entropy_shannon_1_coef,735,537,544,537,544.0,605.3333333333334,592.7709326626562
tqwt_meanValue_dec_29,736,333,312,312,333.0,460.3333333333333,396.4673773279688
tqwt_meanValue_dec_31,737,115,249,115,249.0,367.0,213.24131113528662
det_entropy_shannon_5_coef,738,399,269,269,399.0,468.6666666666667,395.84357212463453
tqwt_entropy_log_dec_24,739,448,427,427,448.0,538.0,506.13749028846394
tqwt_entropy_log_dec_2,740,473,511,473,511.0,574.6666666666666,553.2540781533062
det_entropy_shannon_6_coef,741,360,358,358,360.0,486.3333333333333,433.4883298684557
det_entropy_shannon_9_coef,742,410,95,95,410.0,415.6666666666667,209.59894599429484
det_entropy_shannon_10_coef,743,441,464,441,464.0,549.3333333333334,520.0531515702266
det_entropy_log_2_coef,744,507,519,507,519.0,590.0,572.1636782899178
det_entropy_log_3_coef,745,320,240,240,320.0,435.0,347.4655870445344
det_entropy_log_5_coef,746,711,721,711,721.0,726.0,725.7043461869578
tqwt_energy_dec_36,747,353,301,301,353.0,467.0,400.3304908783085
det_entropy_log_7_coef,748,413,490,413,490.0,550.3333333333334,517.3285912505382
det_entropy_log_8_coef,749,491,495,491,495.0,578.3333333333334,556.382362140228
det_entropy_log_9_coef,750,704,716,704,716.0,723.3333333333334,722.8156404072746
tqwt_energy_dec_34,751,323,418,323,418.0,497.3333333333333,439.89058936667124
det_TKEO_mean_3_coef,752,693,694,693,694.0,713.0,711.9615214512659
PPE,753,290,343,290,343.0,462.0,390.02832748095443
