,index,Feature,value_MI
0,624,X12671,0.2958973281498660235
1,1670,M26383,0.2668708851542191951
2,1866,U32519,0.2662788780474201200
3,257,M16937,0.2534074752566626287
4,512,M22382,0.2459386797236005062
5,1292,H23544,0.2349234503210246849
6,681,T51849,0.2294204648276516600
7,1770,J05032,0.2294024273096142430
8,1934,X62048,0.2281965105414285322
9,1762,X73902,0.2249721495134617832
10,492,R87126,0.2242412425505766471
11,575,D14812,0.2197723379924929610
12,248,M63391,0.2169137669802447821
13,778,H24030,0.2158645456477938929
14,1226,T96873,0.2142428474535147398
15,1247,D43950,0.2131812588207686598
16,1634,M36634,0.2103401035602587843
17,1771,H08393,0.2095436916865027754
18,1046,U09587,0.2083669870710129768
19,25,T95018,0.1999981638827053043
20,764,M76378__,0.1985577481136886480
21,244,M76378,0.1982250189091485648
22,1422,J02854,0.1970840282416308487
23,896,H43887,0.1917158011155284392
24,1448,R38758,0.1909879296209231470
25,45,T61602,0.1858677345314379004
26,414,T60155,0.1857749112013231674
27,1807,U21090,0.1844422558882172769
28,266,M76378_,0.1843261677881389282
29,1581,X63629,0.1833859513451960854
30,1726,X60489,0.1820229010495075794
31,1902,D43947,0.1814598887929470550
32,1392,H77536,0.1799373521897653649
33,963,T86473,0.1790806306380723356
34,1413,R64115,0.1778708255264644933
35,1561,R49459,0.1774520686560949745
36,1966,T60778,0.1752278683887256161
37,432,T52343,0.1742678441508371812
38,30,T61609,0.1729870154718764486
39,1358,U26648,0.1718220356067068355
40,346,T52642,0.1712657818246468011
41,1405,U26312,0.1709423821060855886
42,1736,T86281,0.1707203595050308387
43,389,R73052,0.1702112370025103960
44,779,H40095,0.1679084155603673967
45,1971,T57468,0.1668673129100484154
46,1341,R96909,0.1662963129938224149
47,1166,T68098,0.1659848620275976572
48,811,Z49269,0.1658086654652615177
49,489,H77348,0.1656594929522283710
50,1059,U09564,0.1649465344475244954
51,402,M21339,0.1644169407016120577
52,1899,X56597,0.1638857067026355807
53,1559,R06601,0.1622328344852475013
54,601,H28711,0.1620096257942968965
55,74,X55715,0.1603410227643389252
56,1473,L26050_,0.1585045685796870885
57,762,T54276,0.1580543516777326296
58,1901,U01038,0.1575805423329554866
59,1545,T51493,0.1565779541031375732
60,1958,M15841,0.1552765738999546397
61,376,Z50753,0.1550637938484649148
62,1633,T83368,0.1549435735669544290
63,1885,M84721,0.1548816971437230183
64,226,M64445,0.1539127047941502013
65,861,H21532,0.1537422659140339487
66,1467,X85786,0.1535074872518358280
67,1324,T47377,0.1529708839425869549
68,561,T51499,0.1529664288478742584
69,1114,R97912,0.1529342030091969118
70,1793,R27369,0.1527028483423580330
71,57,T51560,0.1522619809660068491
72,390,D31885,0.1516616946512798769
73,580,T51571,0.1516567281639904508
74,1345,T62947,0.1513143175183435662
75,1471,L41559,0.1499040210890718594
76,1742,X17025,0.1494653534421501728
77,1136,M34175_,0.1494448160520678304
78,181,T57686,0.1488147785268691958
79,647,U02493,0.1478893374804604033
80,42,T57619,0.1475768811196169761
81,418,R44418,0.1468048148443352741
82,1420,R48303,0.1451773518369108285
83,1712,R08829,0.1444517356557617482
84,1152,R84411,0.1444474836353804026
85,1608,L37792,0.1427639521131396361
86,1410,H77597,0.1426340507044059347
87,619,X04828,0.1424373521897650541
88,1566,R08021,0.1416590327113809167
89,1809,M27190,0.1415161311781671927
90,1472,R54097,0.1411801143600719399
91,1908,U10886,0.1399878926033339965
92,65,T71025,0.1398596095120332450
93,960,H91274,0.1393793438898216497
94,426,L10284,0.1384430937600227285
95,690,H30734,0.1381355160330903775
96,1041,R36977,0.1380229875643002035
97,1440,X07948,0.1377198474722605148
98,894,Z14244,0.1373218583645940960
99,971,H08156,0.1363767908872686174
100,189,D63874,0.1355441110223305490
101,1891,U25138,0.1354968962055662640
102,1128,T55840,0.1354864800374051548
103,1642,T56244,0.1353398797697122902
104,179,T57872,0.1351446672761127399
105,949,R42244,0.1348641010681270735
106,1377,T98835,0.1347510420841004919
107,443,T59878,0.1335882744889451690
108,1237,X89416,0.1329695798187671141
109,585,H17897,0.1327437527784238736
110,466,H40560,0.1325962109968814584
111,1446,T84049,0.1321438391236064991
112,1517,R43936,0.1315107451147821127
113,286,M84739,0.1312384256682581629
114,1192,T65792,0.1304563158847253934
115,1568,D14663,0.1300451744750070748
116,1406,X86809,0.1297124584876421238
117,209,X02152,0.1296712138899460687
118,821,T92451,0.1294942879487690490
119,1135,T56690,0.1293694099591096158
120,976,L40904,0.1292845104078912399
121,651,R10066,0.1288626652279816209
122,1161,H27277,0.1286250891839539889
123,398,U30825,0.1276653858048957257
124,1647,T86749,0.1271066496106105781
125,1953,M35531,0.1270021917356296548
126,1919,J04102,0.1255408012917909044
127,1017,M14764,0.1253435523042198962
128,265,H01346,0.1248053666641666393
129,991,X12466,0.1246930685679972228
130,911,X52541,0.1245520341028341083
131,494,H20426,0.1243375756222468986
132,1497,X80507,0.1237868527923620121
133,1409,R83923,0.1235301393309395923
134,495,R37464,0.1235043586599977594
135,364,X14958,0.1230773288800068865
136,738,X12369,0.1229264389629489695
137,1524,X62025,0.1225181137221398320
138,200,Z24727,0.1223066823754506149
139,1744,R72104,0.1219312453933361073
140,1874,H49515,0.1216166406432470648
141,918,X14767,0.1211879922307279589
142,1789,U10362,0.1204936915074701353
143,1774,T90350,0.1201333121437899720
144,1930,M81695,0.1197888023946316327
145,198,L28010,0.1195066025156570344
146,136,D25217,0.1194654731389139801
147,1365,Z11502,0.1192573446051088393
148,303,X87342,0.1189419789671621874
149,1729,X54942,0.1187432595440598426
150,1916,M91463,0.1185977210858444320
151,1913,U26710,0.1183910132240717505
152,1777,U20972,0.1179607758986729316
153,15,T52342,0.1177696267865013802
154,1222,Z29677,0.1171181465693265089
155,768,U21128,0.1169449234715300712
156,684,L35249,0.1169293252704479702
157,1842,H06524,0.1167273347880775081
158,948,X81372,0.1166698848900400431
159,530,M24470,0.1166453956221920052
160,125,T74257,0.1164195080267602656
161,1504,M83221,0.1161253735295890710
162,1031,R20554,0.1159392535142473868
163,756,T79595,0.1152672552616038626
164,1540,R42127,0.1152346299256228335
165,488,X72727,0.1148111204507549221
166,915,H04311,0.1146375758012794233
167,53,T52015,0.1145893489385361175
168,1920,M20543,0.1143389720752561178
169,1184,H85528,0.1142806075007625211
170,479,M57567,0.1141249611757613192
171,833,U29092,0.1137885816055108634
172,1294,X57974,0.1134878966274064371
173,452,H61410,0.1134468405090063303
174,186,T51023,0.1131717029644387917
175,1386,L05144,0.1130624931778096975
176,99,T52185,0.1128470368546679037
177,23,T59954,0.1124684859305764562
178,992,X15880,0.1124215073756584804
179,306,Z11692,0.1123618273561763914
180,1156,R39010,0.1123286615972034497
181,425,D63878,0.1120156233809399549
182,1284,X12496,0.1116672743421383007
183,1723,H16991,0.1104289036490586629
184,1898,U37673_,0.1099903156798853754
185,829,R75843,0.1098323228105424487
186,61,T48804,0.1096448534698475363
187,1318,X65873,0.1095793433948497597
188,1833,U10868,0.1095496993923703588
189,1972,M55422,0.1089302231181201730
190,1598,L06132,0.1089172432664307077
191,1445,M87772,0.1086051383883865906
192,1673,T67077,0.1080850491586200501
193,1921,R20666,0.1079092393053906473
194,730,T47584,0.1077007866563606253
195,578,J04794,0.1076899759101310750
196,1195,D13315_,0.1073555433176338614
197,1797,X68314,0.1071776745913781692
198,1879,R09502,0.1068927171694487033
199,871,D31887,0.1066504556580871732
200,801,X70326,0.1056838055571867052
201,150,M86553,0.1055968181718121013
202,1371,X75208,0.1055189200082999879
203,1313,H20512,0.1051584506675051767
204,32,T51574,0.1049394492388264766
205,570,R42501,0.1048205287181889211
206,1259,X89986,0.1046746843062542620
207,1196,T71001,0.1042073026693932647
208,1863,T91121,0.1038309666481456173
209,862,U18300,0.1036758896379803563
210,1530,M34344,0.1036589644905994145
211,882,H04235,0.1034485359026866558
212,1852,M64673,0.1031759573543666875
213,569,D55673,0.1028434111845339949
214,1556,M21186,0.1025620393305817224
215,1175,T60437,0.1017290014007692367
216,1858,H06061,0.1015009140759079997
217,1399,M59040,0.1012256964619804300
218,224,T70595,0.1012063162006646699
219,799,R54422,0.1011867121488025933
220,1572,D29641,0.1007124999810422583
221,611,R52000,0.1003569191819126960
222,1465,D00860,0.1002784358373005613
223,242,R82938,0.1001376268255238511
224,633,X06614,0.1000604190870260091
225,1333,H72234,0.0993394936388707350
226,82,H05803,0.0991247731917024311
227,1339,T98555,0.0990574727923339005
228,1249,H09665,0.0988951144137815152
229,156,X87838,0.0987862004740978072
230,78,T47645,0.0987349524389784516
231,251,T51613,0.0984839265831138899
232,1938,X70297,0.0984595557926142284
233,1210,T92259,0.0981538513241961841
234,844,T48939,0.0981139336727983036
235,1066,T70062,0.0977423311333889266
236,149,T53396_,0.0976748151883886084
237,952,R37114,0.0973149948401783593
238,1765,M75126,0.0970292763189213314
239,328,M65028,0.0969116413414741196
240,285,H64489,0.0960488681048083937
241,120,X04106,0.0960479888649179436
242,1383,H02258,0.0956567582317520149
243,1825,M55265,0.0942084529528015580
244,715,M14200_,0.0939404637735223869
245,1678,X53586,0.0937316297762436079
246,1769,U17899,0.0932548383394447011
247,913,L13939,0.0929241687538064909
248,1650,U28686,0.0929119158403248768
249,1932,T77537,0.0921559579567585718
250,736,M69135,0.0919898175179723054
251,1380,R39209_,0.0919272998861750956
252,941,L27670,0.0917371803701736432
253,1075,M29065,0.0915877919355563286
254,1632,H66786,0.0913113276766441828
255,891,U31525,0.0901766069261737968
256,256,X61123,0.0901241859653088007
257,1785,M22050,0.0900046146763826549
258,1360,M19159,0.0899621839887909669
259,669,T67905,0.0899146061186322232
260,1509,X74262,0.0898319553506223833
261,298,T55248,0.0894739625328273558
262,527,R20804,0.0892627490151618463
263,460,M90104,0.0889923652770363560
264,481,D00761,0.0888553988805822481
265,852,H15813,0.0888156777214417215
266,1755,J00073,0.0887352970764201388
267,289,R52271,0.0886851696568731196
268,922,X55177,0.0885089553178199928
269,824,X80754,0.0883608217731020051
270,947,H45299,0.0883222916230919086
271,656,M27749,0.0880261494739886796
272,1095,X78817,0.0879801731763847350
273,1147,R47976,0.0878338911346914220
274,1984,M63239,0.0875949516311709253
275,1042,M86737,0.0874068092559967535
276,1412,R11485,0.0869840241557924276
277,1604,M88108,0.0868984242718051636
278,409,T61627,0.0868684139595370386
279,586,M80461,0.0867641947020918458
280,48,T61661,0.0864176550410360456
281,548,T49732,0.0862193542378963951
282,1,R39465,0.0861529555827882376
283,279,J05272,0.0861523289692585070
284,1459,H82100,0.0861474437532725457
285,660,T62972,0.0861331211583047374
286,20,H79852,0.0860239867537544445
287,1094,H04282,0.0858566984011068790
288,109,T61446,0.0858154280986760387
289,935,T54364,0.0847297165078710890
290,1897,X64229,0.0844286734648924675
291,1411,X61118,0.0842013611620286984
292,564,M64098,0.0840211650140905153
293,988,T90280,0.0839180041542884059
294,1265,Z17240,0.0838826627077815523
295,939,H87473,0.0832830001417999011
296,782,R01755,0.0830987517221324357
297,854,L37033,0.0829761560044357527
298,710,D49396,0.0829297674805675733
299,359,L09604,0.0825744262689647179
300,1163,L31881,0.0825363213209928670
301,1644,X59131,0.0817985079315013408
302,823,Z49269_,0.0816748109528462329
303,1950,X73882,0.0816464405924022252
304,1580,R60877,0.0816444936146487610
305,1449,J04977,0.0815525314970699799
306,197,T57630,0.0813574598598729715
307,1967,X04011,0.0811712164479478915
308,31,T62220,0.0810246336400748390
309,589,R15447,0.0809167938950132726
310,140,D21261,0.0808790180507861223
311,1915,T41204,0.0808616295253328232
312,907,H73758,0.0806928243162052805
313,184,T55558,0.0806243029765862929
314,1093,R33481,0.0803520153559764694
315,525,M95678,0.0802104214144472305
316,521,T88902,0.0801394350531385857
317,1677,R96070,0.0801314921515823286
318,1260,J03490,0.0799479374826088662
319,126,T51529,0.0798657839730358976
320,519,T95048,0.0798229504624603514
321,1199,H65355,0.0796993733227540080
322,1204,U09414,0.0796425305239760739
323,775,H87465,0.0794565605799415486
324,825,H22948,0.0792101224302776963
325,1261,J03239,0.0790979138503271617
326,664,R38513,0.0789199714048325340
327,1323,X70040,0.0788286971487222043
328,1577,T78624,0.0786780173110106507
329,92,T87873,0.0786760686704173207
330,678,X70944,0.0786411507631086248
331,905,R80703,0.0785986818994823810
332,1230,H49870,0.0785160038331831345
333,584,M63509,0.0784085270722307826
334,1954,R35903,0.0783862375338120199
335,1441,M34175__,0.0783410318434452080
336,919,J03161,0.0782080953396657730
337,378,M74903,0.0781638568678830747
338,84,T68848,0.0780488285270484194
339,1746,M59371_,0.0776609995101869011
340,342,Y00345,0.0772232809984645385
341,129,R85464,0.0771861607288968354
342,603,M97370,0.0770395779210235609
343,1945,L38951,0.0766155395937591077
344,1869,H55916,0.0766069907948878637
345,1290,L06175,0.0765895798903801772
346,124,U12255_,0.0764041246646023353
347,1327,R39209,0.0763948691828415516
348,837,T63496,0.0762709021523475528
349,66,T51534,0.0761744658866814195
350,542,K02566_,0.0760261200527267977
351,392,R51749,0.0758845294368775125
352,1980,H62854,0.0758223363812011719
353,29,M11799,0.0757358860931378608
354,876,H85361,0.0756399132055445289
355,558,T48014,0.0755577745229609743
356,225,M22806,0.0754425796209892141
357,1306,H42927,0.0753856762671216707
358,1061,Y00097,0.0753662173673319558
359,449,H05070,0.0753547286673883487
360,993,T51858,0.0753156745842167297
361,1001,R08183,0.0752963548779899128
362,1008,X86018,0.0750571915839230996
363,59,R01182,0.0750198103177641684
364,1587,R60591,0.0746805056734312078
365,1498,D42046,0.0745288270231756478
366,579,U37673,0.0744645991363672710
367,1800,M85079,0.0744459797629091202
368,2,R39465_,0.0740220309518635489
369,1366,R44052,0.0739987659499459216
370,1679,M31516_,0.0739748940807227751
371,1735,H11125,0.0736887396911529713
372,240,M36981,0.0734126285778802234
373,725,M22490,0.0732855603056503657
374,1255,U22055,0.0732671406808440562
375,435,T78489,0.0731584854513462890
376,1241,D26600,0.0728333003276493418
377,1172,M55543,0.0726147017219538338
378,618,H89087,0.0725144021247501325
379,1674,D00596,0.0724641130633005837
380,165,T52342_,0.0723505219704825286
381,412,H25136,0.0722938996365705133
382,1312,T84481,0.0721800557227914030
383,439,M94556,0.0719343655287894013
384,192,H45526,0.0715642736553965264
385,1761,H24956,0.0714080454749748128
386,290,T49838,0.0711942136079171117
387,90,T47144,0.0711747885884919107
388,1198,R40717,0.0710461985405472785
389,1753,R98189_,0.0710451914830887432
390,643,U09770,0.0709521617529620396
391,249,U20982,0.0708843848113711594
392,1623,D90391,0.0707723684280074927
393,1125,M85038,0.0706209741233874144
394,467,R50505,0.0705871593718307988
395,703,U07695_,0.0705578362281813476
396,909,H11719,0.0704821137522038121
397,831,R81330,0.0702984969345863409
398,1640,K02268,0.0702909278255989811
399,19,T49423,0.0702151299675428664
400,28,R02593_,0.0701587347498577873
401,176,T49941,0.0701243605219348254
402,152,T74906,0.0700937459751915792
403,1393,H70635,0.0699861027223867005
404,1734,H62885,0.0699579498716536019
405,276,R54941,0.0698887090766058261
406,1627,M32315,0.0698627046151176767
407,1514,M81637,0.0695682857723121106
408,1947,X56411,0.0691509164033294876
409,1756,H16096,0.0689418512749098156
410,44,R36455,0.0684617998367287317
411,1923,H64807,0.0684160330071557077
412,1367,R60508,0.0683700664289312865
413,1671,D42047,0.0682668651066897780
414,56,T93094,0.0678088602937210183
415,1817,H40699,0.0676703852857016841
416,1305,D17400,0.0676492992969988105
417,1347,X52228,0.0674059319970548021
418,104,T72879,0.0672711205719207506
419,394,R80966,0.0670548734298026528
420,1099,Z23064,0.0668585179415763786
421,1186,M37583,0.0668390656238615488
422,596,T99478,0.0667299278936315243
423,1308,M65209,0.0667011260503134196
424,734,M24283,0.0662062672300278710
425,1364,M26683,0.0660166850432915009
426,219,X84707,0.0660158793973246727
427,1687,T97473,0.0658778901464327493
428,1025,Z47087,0.0657738275423698227
429,1838,X07290,0.0655702229032812944
430,296,H03461,0.0653358023059573689
431,1973,M64110,0.0651885760031141182
432,1962,R62945,0.0650709909524362917
433,142,R28373,0.0648410619630195306
434,1872,L07648,0.0640607300325579665
435,98,D45887,0.0638019195220749236
436,1018,L42542,0.0637171476631093192
437,511,H82631,0.0636765902340319379
438,326,U37408,0.0636467431572209641
439,46,T58861,0.0627881801729268663
440,1493,X86693,0.0626994792761461639
441,100,T89730,0.0626651563884073060
442,763,X05276,0.0626563979331296039
443,1986,M67454,0.0626252288292548087
444,1618,H15552,0.0625544215003832615
445,102,T62878,0.0623223217426662757
446,1799,U18062,0.0623116087575705802
447,1798,R41873,0.0622886254684578144
448,438,L09159_,0.0622281829675630505
449,1651,L19437_,0.0621137265743940681
450,1238,L37112,0.0620530411602930876
451,1523,T47719,0.0619254357907523811
452,1649,R71585,0.0618456702579506246
453,614,R94588,0.0617080008958981185
454,1982,D38551,0.0616484054733992259
455,1229,X69910,0.0614395865145800357
456,1889,M19156,0.0613313614063553114
457,1575,R12389,0.0612147905735906939
458,1911,R16156,0.0611823857024760276
459,1382,H02540,0.0611028745841901699
460,1280,X68194,0.0609852726520720978
461,1357,U02081,0.0608987519011652267
462,1202,M31776,0.0608460426454200398
463,1276,X75535,0.0608401522667694206
464,146,R34698,0.0607952421913935392
465,1847,H41528,0.0607937269977529837
466,1663,H79136,0.0607520970368931046
467,1790,T48904,0.0605987382946997499
468,658,M91670,0.0605967018007280700
469,463,R44770,0.0604550871429843095
470,69,T61661_,0.0604397798696125754
471,732,D00763,0.0602860673582148454
472,748,R09479,0.0602566744445713898
473,1583,M28219,0.0602532952073213668
474,1884,M85085,0.0602427099144779987
475,1862,X89985,0.0602095441555061672
476,1469,L33930,0.0600817149954182561
477,766,U07695__,0.0599521784451042539
478,638,H17434,0.0598470482284938488
479,938,U29607,0.0595587787064779661
480,1140,X61587_,0.0594374220124156416
481,1262,T40454,0.0593816642860047761
482,174,T94579,0.0593220356067065691
483,138,T65003,0.0593064838265739969
484,1044,M80613,0.0589884534182860687
485,93,M11354,0.0587918534232991785
486,1636,R52081,0.0587764210905041828
487,1253,X54232,0.0585923375691344006
488,1607,L12723,0.0585539864515607356
489,420,H49587,0.0581960110935855202
490,537,R37428,0.0579367497456144687
491,1740,H64526,0.0576571234579239533
492,629,T49703,0.0576511258712808505
493,1359,H09719,0.0576289482281355792
494,981,X82103,0.0575103168595041403
495,1896,U19969,0.0572986360145215645
496,675,M57298,0.0572341145671726448
497,1737,Z15108,0.0572140853132727667
498,830,T53868,0.0571501276379595691
499,315,U26401,0.0570663611736130783
500,793,R23889,0.0569069327883779952
501,436,H41129,0.0567268311451785134
502,162,H70425,0.0566394583273555074
503,978,H40137,0.0566041682210325359
504,604,J03075,0.0565201812918192381
505,1212,M93651,0.0564602916159306911
506,892,X72018,0.0564224710135938778
507,1153,M84349,0.0563933808753958044
508,587,T56011,0.0563720733825512355
509,264,R72300,0.0562754406246279704
510,1775,J04162,0.0561458658982787462
511,105,T53396,0.0560011339698660571
512,1983,U12140,0.0559874221914484771
513,1883,R44301,0.0559803485876864126
514,222,Y00264,0.0555540675953800633
515,1123,U10117_,0.0555287858457151895
516,1453,M29550,0.0555193866427674543
517,697,T51261,0.0555114437412114192
518,58,U12255,0.0553499995782191778
519,1270,X81817,0.0552633702577187691
520,11,H86060_,0.0551415834423838458
521,39,control2,0.0548073614762831784
522,40,control3,0.0548073614762831784
523,38,control1,0.0548073614762831784
524,41,control,0.0548073614762831784
525,691,T71207,0.0547619227804649888
526,1702,H29054,0.0547513374876216208
527,470,J04173,0.0547127559974274202
528,1968,L12350,0.0546265742580196445
529,592,R72374,0.0543731314642543762
530,227,J03040,0.0542773491104073802
531,51,control6,0.0542273095442387110
532,52,control7,0.0542273095442387110
533,50,control5,0.0542273095442387110
534,49,control4,0.0542273095442387110
535,280,T79152,0.0541683631143248245
536,137,M26697,0.0538547430426403739
537,1043,L24038,0.0537906941882688727
538,308,T70331,0.0535736621163978022
539,1510,Z25521,0.0534324950397471188
540,161,T90774,0.0532506652208202258
541,107,R91062,0.0531704363099461119
542,1739,M81651,0.0531394189402192296
543,94,R01124,0.0527553943626459798
544,72,H43908,0.0526204039050750527
545,955,X03484,0.0525448630943650130
546,455,J03544,0.0524750211097675390
547,368,T70058,0.0524411924355412395
548,459,X03068,0.0524278097608679161
549,336,R39681,0.0523063810104069660
550,1037,X61587,0.0522043772793709948
551,1749,T54303,0.0520284571937086326
552,1586,H62531,0.0519929847292692759
553,465,X66503,0.0519521877126651876
554,946,R71401,0.0518360562160784522
555,1219,T83361,0.0517359836658164429
556,1527,U13991,0.0513355792830889612
557,1964,U05040,0.0512188932293708987
558,1993,T90549,0.0511793270607723283
559,1162,U14394,0.0511043124696288764
560,886,R26146,0.0508909298465041182
561,1442,T50500,0.0508273492894395496
562,1784,T50797,0.0507962739974536781
563,802,R00285,0.0505732160706611200
564,278,K03460,0.0504263995644864682
565,1232,R56207,0.0503881155840770756
566,973,U00968,0.0503837450863482417
567,1992,L11706,0.0502430637668245250
568,1692,U19252,0.0501649773559704748
569,1997,H40891,0.0498848554033977098
570,810,R46502,0.0498166216658089134
571,1597,H64576,0.0497246885093598490
572,1669,H23975_,0.0496399100683193595
573,1718,L20469,0.0496252359905522411
574,1850,X83299,0.0496122113807535570
575,1766,H73943,0.0494614436896634313
576,1379,M92287,0.0494180283236675955
577,1929,D28137,0.0493762018705505845
578,1273,R71251,0.0493698014609242897
579,312,R41827,0.0493680111365533136
580,649,L11369,0.0491716589740072152
581,395,H85835,0.0490526454986073279
582,641,X16316,0.0489061390428027210
583,1304,D78152,0.0488185605871027661
584,857,H15069,0.0488108174341983503
585,24,H80240_,0.0486581475234642014
586,1033,R44072,0.0486331724984889746
587,68,H68220,0.0485629470250377171
588,1338,U24166,0.0480993665710696128
589,491,T97199,0.0480587021659542035
590,1917,X77548,0.0477683115529827784
591,10,T72863,0.0475765928247364744
592,743,X53004,0.0475062975812912125
593,1645,L36818,0.0474577126536743776
594,612,R10620,0.0473272651441944969
595,785,H70250,0.0472882808310164382
596,1848,V00520,0.0472835746474680185
597,67,T69026,0.0472436569960701380
598,979,U06698,0.0471642236637512813
599,1981,T89666,0.0468291903221160766
600,1057,M80815,0.0466742880035317942
601,1708,H90764,0.0466311356885771300
602,1464,L32977,0.0466310751334884088
603,1437,D26069,0.0465279475304856138
604,183,M77693,0.0461469806384831038
605,14,U14971,0.0461189752262269881
606,1861,X60708,0.0460262364238108734
607,1298,R71251_,0.0459953980865210887
608,115,V00523,0.0459009584759522138
609,1112,M81635,0.0457048666171468998
610,1876,U33849,0.0456371989379991128
611,1414,X12548,0.0455494970857162063
612,750,M62831,0.0455347923839797275
613,625,H65223,0.0454493359892256255
614,1526,R44628,0.0453627422119295964
615,506,R53936,0.0452525477468963544
616,1548,H11084,0.0451905474661860040
617,80,H43908_,0.0451389069074492610
618,1824,T90668,0.0450875245980022488
619,693,M88279,0.0450689052245443200
620,864,H61535,0.0450297418789293857
621,1138,R56401,0.0450189933506284223
622,1965,U33429,0.0449077312730477018
623,1188,H24250,0.0447651766950092345
624,101,T57633,0.0445811313496733419
625,1532,H63361,0.0444908990013770378
626,549,M94630,0.0442195753429563965
627,665,H29293,0.0441329486552859418
628,783,T61599,0.0438350808052359042
629,1397,R56399,0.0437339050992218148
630,164,M14200,0.0434022475094995031
631,626,Z48541,0.0432797396451811700
632,250,U37012,0.0432408879434906801
633,1959,D59253,0.0431650742884552852
634,218,X75861,0.0429710860607859235
635,1190,R70253,0.0429692128022711728
636,71,H55758,0.0427131516591130467
637,605,R83354,0.0426879528435917255
638,1655,X16504,0.0426838591394331779
639,930,M12272,0.0425920743914516287
640,868,L35545,0.0425337611571421359
641,1461,R51644,0.0424940159561064679
642,1868,D26535,0.0424627747958332691
643,901,R00544,0.0424484074427560198
644,1038,L24203,0.0422897399453789902
645,1234,U29175,0.0421852090440091310
646,159,H43908__,0.0421539885999504538
647,1837,H06245,0.0421132073803265339
648,1706,U22897,0.0419780378903182871
649,228,T74556,0.0419750120306614516
650,677,X51345,0.0419247375642477493
651,111,Z23115,0.0418954243283529149
652,1703,U09412,0.0416289759781631741
653,1834,X80230,0.0416149087677013529
654,193,Z22572,0.0414867827906790776
655,1271,M92843,0.0414620152983746770
656,1208,R96357,0.0413293204365725586
657,1544,T61333,0.0413140065811259394
658,1648,M31994,0.0413038464903205949
659,794,L03840,0.0412148739511579709
660,118,T72175,0.0408812917627372485
661,1160,X01410,0.0408312521965688013
662,1264,H11374,0.0406326604657187840
663,1174,H29895,0.0405664872639970309
664,1451,H23098,0.0404265296262862339
665,1056,U31248,0.0403222870197965655
666,320,T48386,0.0401200010820914610
667,723,M34175,0.0400770556762435337
668,1468,R38736,0.0399087875644266177
669,1995,M33210,0.0398939950093113449
670,85,T72938,0.0397988168899399142
671,1052,T72599,0.0396961641663193809
672,447,X02875,0.0394374175366052349
673,544,R01221,0.0393525337823663612
674,1582,X13482,0.0392924618176453411
675,404,R38636,0.0392902686702909509
676,1925,M25809,0.0392525665453025141
677,453,H02630,0.0392504787111460640
678,7,H80240,0.0391779771561968637
679,1904,R23907,0.0390200639646023362
680,1609,U15782,0.0389043260760941756
681,451,L42611,0.0388823946025493861
682,1745,X74795,0.0386599467994568347
683,1314,M97676,0.0385133192334745633
684,924,D14658,0.0384908059045094841
685,206,R21547,0.0384781775356191069
686,229,H20505,0.0381288918329178994
687,1835,U14631,0.0378845606400699531
688,1491,T47778,0.0377134470626343532
689,879,D21239,0.0374576544681322066
690,500,K02566,0.0372846196176777056
691,1206,R39144,0.0372308427493850402
692,806,M94132,0.0371461121631921909
693,560,R46753,0.0370881249358891996
694,1750,R40717_,0.0369708205135563794
695,1939,M81840,0.0368395002209456202
696,1034,R34098,0.0366957819320659073
697,1343,L26405_,0.0366709859395280002
698,717,X62899,0.0365355926589736590
699,514,T56604,0.0364855530928052119
700,371,R42374,0.0364085691448532422
701,499,H17646,0.0362085899126161070
702,1189,T79616,0.0361453467042116561
703,134,X86779,0.0361071680370006476
704,1611,X17097,0.0360945462501851555
705,904,T99303,0.0360091925357994835
706,1019,X56253,0.0358141831165315061
707,1599,M90516,0.0357547426845747918
708,167,H06970,0.0357357204881336710
709,1893,X07767,0.0355337271409787991
710,546,M37984_,0.0352967553314267324
711,515,M59807,0.0348860259595968891
712,1555,H17802,0.0346459052854153349
713,234,T63591,0.0346094208442819795
714,1178,U20285,0.0345812614114733297
715,502,H17108,0.0345144507184766969
716,944,X51417,0.0344620389725165399
717,1127,D11466,0.0344486562978438826
718,70,X57346,0.0343051104593263823
719,1117,H11661,0.0342830512935290432
720,1227,U28049,0.0341574617017450510
721,1536,Y00971,0.0341294414624997433
722,18,H09263,0.0338544028810097153
723,190,R93738,0.0338360072980976589
724,168,R37276_,0.0337386584104264475
725,238,H48027,0.0337311805497828576
726,160,T57882,0.0337088876856841413
727,1558,M28373,0.0336724032445505639
728,1331,L25616,0.0335390372430632855
729,1621,T86444,0.0334067770301575973
730,441,T64878,0.0333915816520595765
731,737,L01664,0.0331895659258503173
732,593,T89422,0.0330737319390481677
733,1588,R71651,0.0329967479910968642
734,1487,M59819,0.0329907504044537614
735,1325,M94203,0.0329230302506484662
736,790,J04621,0.0328871015011198420
737,64,T63499,0.0327783731759478947
738,352,T57882_,0.0327663332445529143
739,632,H87344,0.0327057995645996247
740,340,D13315,0.0326451282846380586
741,1894,R99907,0.0325627286054643861
742,1886,M58050,0.0322708925688466319
743,230,X17042_,0.0322363541354764305
744,1969,R06749,0.0322316081130538112
745,1424,M68520,0.0322165246302281716
746,17,T63508,0.0321454935108098638
747,994,X66362,0.0321187281614638831
748,110,R78934,0.0320589068939682864
749,480,H56686,0.0319071118208154036
750,1757,H20819,0.0317515773910872490
751,792,X74874,0.0316282721257168387
752,1062,D13641,0.0315904481976998497
753,95,T95318,0.0315287748488000119
754,1667,M82919,0.0315155997067977367
755,1282,Y00711,0.0314984943250358196
756,1864,R67072,0.0314955544239639007
757,1403,M14676,0.0312970011011024507
758,1622,T94993,0.0311619308031136910
759,1394,H10925,0.0310899564377205007
760,1246,X74295,0.0310138420165049222
761,1032,M69066,0.0309887169202223145
762,872,T62568,0.0309608358745392387
763,1865,T67173,0.0309045575406468043
764,1215,R61324,0.0308919979024755431
765,1592,U25165,0.0308384672037838037
766,1808,H24310_,0.0307007399194723085
767,1384,H75867,0.0305833907390298254
768,1594,H28111,0.0304674224779002412
769,528,T57483,0.0303333587764740287
770,639,M60706,0.0303215557997753571
771,1408,R40446,0.0302566117832188120
772,1363,X82634,0.0301425681207876384
773,1613,T51539,0.0300413700357187174
774,600,D16431,0.0299885554667751464
775,1830,L26050,0.0299208397731229869
776,199,T61338,0.0298918489896131678
777,899,U08198,0.0296413668131350061
778,317,T65580,0.0295917300699497510
779,297,T98616,0.0293811431658144162
780,957,T50321,0.0292207301021760735
781,814,H78063,0.0291693030346196203
782,147,M19283,0.0289419765976155485
783,774,R39130,0.0287212743607840881
784,1402,Z29505,0.0287205134729264788
785,73,H79575,0.0287197078269596506
786,554,M33680,0.0286232044241299111
787,1534,M88468,0.0283429498600686891
788,440,X83412,0.0282805794347953388
789,1715,D13636,0.0282528807472295362
790,735,T78096,0.0281405760689852347
791,1170,U23852,0.0279408272093695231
792,720,T65380,0.0278184137805042031
793,927,T93284,0.0276637455518322639
794,1505,H05814,0.0276200010820915054
795,34,T96832,0.0276072450209485787
796,272,T69748,0.0275878200015235997
797,1816,L49218,0.0274918138571302872
798,621,M28129,0.0271314456031486184
799,1875,K03192_,0.0270684021433960087
800,1071,H78819,0.0270541914437016917
801,294,X15183,0.0269081904912484848
802,79,M24398,0.0266599396381592690
803,869,M16827,0.0266229246817892840
804,950,X17651,0.0265945927986188657
805,848,T54670,0.0265837165780651308
806,652,T62864,0.0264921862445992584
807,1109,L08069,0.0264056257241029879
808,1629,L37936,0.0264043708342034389
809,387,L20492,0.0262059133776813002
810,1596,T47383,0.0260633380834280892
811,921,T95291,0.0259917840008383472
812,964,R46069,0.0259749167757175048
813,356,T57780_,0.0255239821504591458
814,1999,T49647,0.0254136500854182934
815,858,R99230,0.0252172738809774977
816,1859,L34059,0.0248416414488934478
817,1225,M23419_,0.0248306309540120562
818,1628,T93885,0.0248288406296410802
819,349,D26129,0.0247385345621051744
820,959,D50063,0.0246084385354248258
821,1460,L34840,0.0244591834051450796
822,274,U14971_,0.0244022925918625511
823,362,T96942,0.0242729896705642378
824,1987,T64128,0.0241595311892337516
825,1193,D00762,0.0240431567794407997
826,571,T58756,0.0237816733229858635
827,1213,X57830,0.0236393491175685977
828,1430,L19067,0.0235637526710046341
829,204,H28452,0.0234861421095229339
830,477,M23114,0.0233393355111035650
831,634,U07695,0.0232683043916852572
832,386,H11095,0.0232599586671455860
833,343,H15542,0.0231971389979392928
834,887,H89688,0.0231513962102611881
835,399,R70016,0.0231345224030643504
836,1073,U31383,0.0231337167570977442
837,307,X16135,0.0230129146201663026
838,791,R88740,0.0229779967128578289
839,254,H82746,0.0228039166289100148
840,117,T72889,0.0227947188374546528
841,1035,R41866,0.0226270997182227429
842,800,T47562__,0.0226096888137150565
843,1003,R60883,0.0222839774704510774
844,928,M96233,0.0222351529553082017
845,551,J04182,0.0220580898750193377
846,1287,X67155,0.0220572842290525095
847,180,D14662,0.0218614675009776160
848,214,R28281,0.0216408547803648155
849,358,M83751,0.0215784172179271927
850,1060,T74272,0.0214500314462582331
851,562,U07664,0.0214296412626993060
852,1456,U30498,0.0213949023878281519
853,130,U27699,0.0213292040654879944
854,700,U18920,0.0210814919725499372
855,1286,R67027,0.0210548592346917474
856,454,L02426,0.0210279819900724974
857,1721,H09273,0.0210081989057731011
858,1849,M22760,0.0209961589743787869
859,1355,R99916,0.0207589857533343469
860,1029,H81068,0.0206743929268060622
861,1100,R22779,0.0205082060670707111
862,1146,U02020,0.0204194217752506901
863,335,H46732,0.0202447374568279770
864,1758,H11460,0.0202341521639846089
865,417,M63167,0.0201651907953377396
866,883,M28650_,0.0201477466340307387
867,131,R49974_,0.0201334033228484088
868,1463,M18216,0.0199564952331019452
869,237,R07007,0.0199535188188351142
870,1368,H53092,0.0198627046151180764
871,980,H09137,0.0197189284039793744
872,1763,T53549,0.0195621091532320879
873,1895,M76558,0.0195246193174796190
874,429,R60859,0.0194790828605277966
875,1513,R59202,0.0194271186956611608
876,1220,R62549,0.0193697545965509921
877,1553,H11940,0.0193115084994055497
878,1519,R80855,0.0192931129164937154
879,786,M83667,0.0191643231198972419
880,283,H38185,0.0191008768371609960
881,155,M29273,0.0190068400495759793
882,1578,M31516,0.0189703556084424019
883,369,Z23115_,0.0189621747822001918
884,151,X00700,0.0189247470950919539
885,55,H22688,0.0188972274399632489
886,781,X02750,0.0187855111992150103
887,1955,X67325_,0.0187436176089337270
888,187,T63133,0.0186440996158028227
889,144,H48072,0.0186008839984583840
890,1375,H51524,0.0185520081431309602
891,1332,X58521,0.0184992383322966081
892,361,M36205,0.0184734576613547752
893,188,T64467,0.0182528225616873652
894,594,T71643,0.0182118017545374045
895,1168,H71122,0.0179434321313292067
896,36,R86975,0.0178751983937408543
897,1658,H87135,0.0177772097283896979
898,1118,X59511,0.0177052294737718441
899,607,R44863,0.0173933549683489286
900,1978,H20856,0.0173754451425640610
901,881,R33367,0.0172938129333231050
902,635,M85289,0.0170955552947376077
903,914,U28389,0.0170777655398561823
904,1496,R00254,0.0169819384278999674
905,826,T90759,0.0167478021762113016
906,81,M31013,0.0167134055692343964
907,784,D13627,0.0166399897987246081
908,1665,R34876,0.0166125497520595022
909,444,U14588,0.0165998832071350133
910,1521,X74819,0.0164617017596560000
911,353,R70030,0.0164059256034352341
912,1248,M59371,0.0163864699600408947
913,1144,L27476,0.0163684837821871376
914,788,X14618,0.0162790570798574397
915,1438,H69695,0.0162190588343753550
916,484,X07979,0.0161557369874969492
917,401,R56070,0.0159644970878780601
918,1466,U27699_,0.0158760550639522879
919,556,R83285,0.0156813572886094210
920,1979,R98410,0.0156803278520958322
921,1256,J02645,0.0155236297115268762
922,396,R44884,0.0152883297489969650
923,87,R50158,0.0151945996861020394
924,839,X66975,0.0151908531690729820
925,749,M73481,0.0147101958335771332
926,1474,R80400,0.0146584107011464848
927,1903,X54941,0.0146211719542301832
928,1081,U10117,0.0146158839152610298
929,1694,R89823,0.0146087226177771257
930,694,H66976,0.0145337593668177778
931,846,U07132,0.0144675348249116986
932,153,J03077,0.0144328298304041702
933,897,J02906,0.0140647391397326071
934,889,M95627,0.0136038583064614915
935,972,T65740,0.0135971064140356646
936,945,M57732,0.0135553918561923670
937,917,X16356,0.0134959083289665216
938,1796,L13738,0.0133723311892606223
939,627,H27771,0.0131436620089784295
940,873,H79349,0.0131145692379501799
941,902,M81601,0.0130344522223491133
942,1151,R93337,0.0129990709369682822
943,1760,T94350,0.0129275425591128812
944,1560,K03192,0.0129238996924418981
945,670,U18934,0.0127388696687020797
946,1090,M65105,0.0126805531779978775
947,1569,H81558,0.0126268493360937040
948,148,T95063,0.0124557904245223838
949,1026,M11220,0.0122082175251467806
950,1752,H14607,0.0121641788713009458
951,867,T47069,0.0121438553640107472
952,1867,R71092,0.0120928311194377081
953,942,M29277,0.0117760108429401100
954,1946,R44112,0.0116812355465518714
955,1531,M22538,0.0115100515755575117
956,645,R61368,0.0114130001976715523
957,154,R98959,0.0113823856509280841
958,1096,X14830,0.0112611359329040095
959,644,H42477,0.0110589859323673156
960,391,R54317,0.0109003855721536702
961,563,M28128,0.0108956669173052578
962,541,M13686,0.0108787674053745231
963,1990,X67699,0.0107767189162288890
964,1585,L14848,0.0107767189162288890
965,88,D12686,0.0105307283476576696
966,769,L20688,0.0104103290337098642
967,805,X15882,0.0103778872577902082
968,1940,D90041,0.0103183511191515809
969,1535,T67406,0.0103081015121275765
970,671,D25216,0.0102795458384106198
971,679,T52003,0.0102157655326948760
972,1803,U18299,0.0101693289943225462
973,309,T48296,0.0101279053641896155
974,116,X79066,0.0100671014727402586
975,1731,J03569,0.0100619319111194816
976,16,L28809,0.0100531974977360328
977,1974,U14577,0.0099884838538004672
978,383,T56940,0.0099351126732747375
979,456,H22939,0.0098326808754165551
980,974,T85247,0.0097506392611170778
981,1257,R67358,0.0097446143761847903
982,1021,R38513_,0.0095989474467117475
983,427,U27143,0.0095174718908528355
984,35,H54676,0.0092076338794020440
985,1216,T62067,0.0091994431454047731
986,430,L39874,0.0091864632937150859
987,1846,X77130,0.0091786753827012291
988,1401,M38690,0.0091488217238158143
989,213,L09159,0.0090691009491232766
990,372,T64983,0.0089835234441908440
991,1488,U10324,0.0087878923306281553
992,752,R39681_,0.0087126091908287240
993,1288,R62459,0.0086239881344660763
994,106,T63370,0.0085259181978110110
995,970,X90529,0.0085158077843503488
996,1328,L32163,0.0083171712953911126
997,522,M96839,0.0082403663798764626
998,1475,H05893,0.0081697828415510099
999,1602,R09138,0.0081594006230392147
1000,83,T56674,0.0079891838706294127
1001,1776,R89377,0.0079465741506001830
1002,408,R50736,0.0078287708069904038
1003,1070,H40108,0.0078115389349198150
1004,686,T69271,0.0076130748963230133
1005,1591,T58645,0.0075206112246375412
1006,731,R67343,0.0074348994453774520
1007,653,D30755,0.0074327096237027934
1008,1900,R53455,0.0073539188615501239
1009,1007,R80779,0.0073379086225799917
1010,210,T47424,0.0072810385255119847
1011,437,R60318,0.0072529370149627681
1012,1637,R72164,0.0072349202131398727
1013,1600,U21914,0.0072273560926725544
1014,127,M84326,0.0071189071939010695
1015,233,R42265,0.0069150787642660028
1016,773,X13451,0.0068435345894313215
1017,1547,T40578,0.0068244883510950594
1018,345,R49231,0.0067168898563996216
1019,457,K03001,0.0066015498716400778
1020,483,T64941,0.0065570586481815685
1021,1881,H13292,0.0064904362025273166
1022,1418,M31606,0.0064752408244284076
1023,1635,U09367,0.0064742048058401558
1024,982,L07395,0.0064660654120272110
1025,182,X51346,0.0064212625446435911
1026,1014,R21901,0.0063212281704156936
1027,471,R53036,0.0062723921539626915
1028,410,X87159,0.0061624099781658614
1029,815,X93499,0.0061394654886528510
1030,591,Y00414,0.0060458315240512484
1031,1988,R76825,0.0060232734369769503
1032,701,D13138,0.0060201337872527461
1033,860,R01157,0.0059784705695933305
1034,1620,R28608,0.0059226572073283190
1035,1352,M31303,0.0057358609011124440
1036,1228,X00588,0.0056916158472548606
1037,119,X17042,0.0056525736118178127
1038,875,M67466,0.0056148109317402106
1039,1914,H87193,0.0055574310356505396
1040,1494,Z14978,0.0055384535973186377
1041,1427,R41673,0.0055066305816242611
1042,175,R24425,0.0054556063370516661
1043,1991,R70790,0.0054113853250887800
1044,568,H45526_,0.0053273743539810070
1045,929,J04046,0.0050752519244394723
1046,442,M96326,0.0049480046197727390
1047,765,T47342,0.0049056443950246109
1048,1173,R60906,0.0048875364141431898
1049,1977,D00760,0.0048484800445665055
1050,797,M26481,0.0047763572707060220
1051,1137,T56475,0.0047385366683689867
1052,1538,H78346,0.0045405267929401472
1053,1511,H18451,0.0044893235159302325
1054,270,D14520,0.0043664434525978457
1055,1926,U36621,0.0042711882883073038
1056,1676,T47601,0.0041002860301186939
1057,370,H69869,0.0040098746493846260
1058,1300,H04333,0.0039970738301322584
1059,1781,J03600,0.0037462941438688446
1060,341,H26101,0.0035985028670451058
1061,716,Z15009,0.0035541028226453442
1062,695,U06088,0.0034233643854548745
1063,347,U05681,0.0032732904450585298
1064,330,X62153,0.0032478230808816733
1065,597,R70939,0.0032100472366538568
1066,1302,L20431,0.0031483192218901834
1067,1121,M22488,0.0031062531812471317
1068,1732,X52008,0.0030802934778679791
1069,567,R16077,0.0030034438042443323
1070,363,M27903,0.0030005378528212834
1071,767,X66141,0.0029115952447784643
1072,22,R22197,0.0028573915116076876
1073,311,M86752,0.0027932149649829707
1074,1293,U21049,0.0027492177435664011
1075,1335,T89649,0.0026667219660991837
1076,672,H71150,0.0025664703833994107
1077,1088,T65790,0.0025181763834927207
1078,1058,R60195,0.0022214301190046637
1079,1728,R81170,0.0021795812868332654
1080,108,T56934,0.0021585897335838489
1081,21,J02763,0.0021469526251725046
1082,1201,M55268,0.0019011634680929923
1083,316,M19045,0.0018333325534876099
1084,739,Z35093,0.0018201736693612691
1085,1786,H66834,0.0017792199993753588
1086,533,R42070,0.0017717453951264783
1087,1281,L25081,0.0017418022200219596
1088,827,M80469,0.0016697640431451166
1089,1653,T62884,0.0016197336918810645
1090,428,T72403,0.0015573540517026530
1091,128,H85878,0.0013414343504887238
1092,1167,U04953,0.0013075590438431650
1093,1573,L21993,0.0012525065694357629
1094,631,U19796,0.0010967368478518313
1095,1656,R99935,0.0010403083733669938
1096,379,M98045,0.0009955055059831519
1097,132,L38696,0.0009124792132797488
1098,1067,M98326,0.0008947326229520325
1099,1870,M84490,0.0008249597191138935
1100,1072,R98842,0.0008068816693518333
1101,1436,T67433,0.0007649117270023265
1102,628,T60318,0.0005953614269968988
1103,1963,X70070,0.0003800815034624705
1104,1164,H63354,0.0003648505821591819
1105,1717,M60335,0.0003224057604276354
1106,996,J03161_,0.0002691742343607917
1107,13,H20709,0.0002084068561061247
1108,351,M61858,0.0001360602916991027
1109,1696,L40392,0.0000000000000000000
1110,1428,X54101,0.0000000000000000000
1111,1624,R05291,0.0000000000000000000
1112,1820,H40013,0.0000000000000000000
1113,1695,R35885,0.0000000000000000000
1114,1429,R09468,0.0000000000000000000
1115,1948,Y00796,0.0000000000000000000
1116,1697,U20998,0.0000000000000000000
1117,1426,H56077,0.0000000000000000000
1118,1698,R39540,0.0000000000000000000
1119,1699,R41765,0.0000000000000000000
1120,1431,D26068,0.0000000000000000000
1121,1700,H62466,0.0000000000000000000
1122,1432,X17042__,0.0000000000000000000
1123,1944,M69181,0.0000000000000000000
1124,1625,T95612,0.0000000000000000000
1125,1949,M14603,0.0000000000000000000
1126,1943,Z33642,0.0000000000000000000
1127,1425,L13977,0.0000000000000000000
1128,1541,X53179,0.0000000000000000000
1129,1626,L27841,0.0000000000000000000
1130,1819,L07032,0.0000000000000000000
1131,1423,D31887_,0.0000000000000000000
1132,1693,H74007,0.0000000000000000000
1133,1951,T78323,0.0000000000000000000
1134,1542,U27328,0.0000000000000000000
1135,1952,M80359,0.0000000000000000000
1136,1691,X51985,0.0000000000000000000
1137,1421,R49542,0.0000000000000000000
1138,1956,U25435,0.0000000000000000000
1139,1419,R78950,0.0000000000000000000
1140,1957,D37931,0.0000000000000000000
1141,1802,R73606,0.0000000000000000000
1142,1565,X07384,0.0000000000000000000
1143,1690,H70868,0.0000000000000000000
1144,1927,R78595,0.0000000000000000000
1145,1931,L40380,0.0000000000000000000
1146,1617,H09781,0.0000000000000000000
1147,1928,H20503,0.0000000000000000000
1148,1444,M13560,0.0000000000000000000
1149,1709,X06272,0.0000000000000000000
1150,1710,D21094,0.0000000000000000000
1151,1616,U30872,0.0000000000000000000
1152,1433,R85479,0.0000000000000000000
1153,1539,L19760,0.0000000000000000000
1154,1924,M25108,0.0000000000000000000
1155,1447,H89481,0.0000000000000000000
1156,1922,R42029,0.0000000000000000000
1157,1711,U12387,0.0000000000000000000
1158,1615,D90086,0.0000000000000000000
1159,1933,X76057,0.0000000000000000000
1160,1443,D26067,0.0000000000000000000
1161,1935,X85750,0.0000000000000000000
1162,1936,H74178,0.0000000000000000000
1163,1707,H47628,0.0000000000000000000
1164,1705,H71627,0.0000000000000000000
1165,1937,U31248_,0.0000000000000000000
1166,1439,M35878,0.0000000000000000000
1167,1704,T48692,0.0000000000000000000
1168,1619,X73478,0.0000000000000000000
1169,1801,T40674,0.0000000000000000000
1170,1941,R67999,0.0000000000000000000
1171,1701,H73714,0.0000000000000000000
1172,1821,R49719,0.0000000000000000000
1173,1942,D29808,0.0000000000000000000
1174,1435,D10523,0.0000000000000000000
1175,1434,R99200,0.0000000000000000000
1176,1960,H77510,0.0000000000000000000
1177,1689,U09646,0.0000000000000000000
1178,1713,X79888,0.0000000000000000000
1179,1664,X59842,0.0000000000000000000
1180,1812,H02031,0.0000000000000000000
1181,1661,H08751,0.0000000000000000000
1182,1662,X16663,0.0000000000000000000
1183,1810,U22431,0.0000000000000000000
1184,1985,D14689,0.0000000000000000000
1185,1652,U37690,0.0000000000000000000
1186,1666,M35252,0.0000000000000000000
1187,1417,X66365,0.0000000000000000000
1188,1395,H42127,0.0000000000000000000
1189,1546,R71875,0.0000000000000000000
1190,1396,R39599,0.0000000000000000000
1191,1668,U34074,0.0000000000000000000
1192,1646,R51502,0.0000000000000000000
1193,1398,Z26317,0.0000000000000000000
1194,1989,U15212,0.0000000000000000000
1195,1660,M27826,0.0000000000000000000
1196,1654,H06877,0.0000000000000000000
1197,1659,H14372,0.0000000000000000000
1198,1811,X93510,0.0000000000000000000
1199,1391,T53360,0.0000000000000000000
1200,1549,X53799,0.0000000000000000000
1201,1390,U18422,0.0000000000000000000
1202,1389,M77698,0.0000000000000000000
1203,1388,M32313,0.0000000000000000000
1204,1550,U20141,0.0000000000000000000
1205,1387,M77477,0.0000000000000000000
1206,1657,H14341,0.0000000000000000000
1207,1994,D17390,0.0000000000000000000
1208,1996,H18490,0.0000000000000000000
1209,1385,L40992,0.0000000000000000000
1210,1998,R77780,0.0000000000000000000
1211,1672,T57079,0.0000000000000000000
1212,1400,D13243,0.0000000000000000000
1213,1643,R80427,0.0000000000000000000
1214,1681,M95178,0.0000000000000000000
1215,1416,L20859,0.0000000000000000000
1216,1630,X63469,0.0000000000000000000
1217,1415,M28882,0.0000000000000000000
1218,1688,H41147,0.0000000000000000000
1219,1686,T93317,0.0000000000000000000
1220,1631,M34668,0.0000000000000000000
1221,1961,R78142,0.0000000000000000000
1222,1685,L47162,0.0000000000000000000
1223,1543,T71260,0.0000000000000000000
1224,1818,T71049,0.0000000000000000000
1225,1684,U19261,0.0000000000000000000
1226,1683,H24310,0.0000000000000000000
1227,1682,T98274,0.0000000000000000000
1228,1554,L38929,0.0000000000000000000
1229,1680,U02082,0.0000000000000000000
1230,1675,U03851,0.0000000000000000000
1231,1815,R77794,0.0000000000000000000
1232,1804,H82741,0.0000000000000000000
1233,1805,D26018,0.0000000000000000000
1234,1407,R72644,0.0000000000000000000
1235,1638,U14391,0.0000000000000000000
1236,1970,U24105,0.0000000000000000000
1237,1806,T55558_,0.0000000000000000000
1238,1639,X67235,0.0000000000000000000
1239,1814,Z22936,0.0000000000000000000
1240,1404,U04641,0.0000000000000000000
1241,1975,K03474,0.0000000000000000000
1242,1976,T49204,0.0000000000000000000
1243,1813,R55828,0.0000000000000000000
1244,1641,L05485,0.0000000000000000000
1245,1918,J00146,0.0000000000000000000
1246,1912,R74066,0.0000000000000000000
1247,1516,D21205,0.0000000000000000000
1248,1851,X12892,0.0000000000000000000
1249,1759,R62438,0.0000000000000000000
1250,1489,L00354,0.0000000000000000000
1251,1490,R56630,0.0000000000000000000
1252,1853,Y00661,0.0000000000000000000
1253,1562,H28704,0.0000000000000000000
1254,1584,D13639,0.0000000000000000000
1255,1492,M23115,0.0000000000000000000
1256,1748,R80779_,0.0000000000000000000
1257,1764,L42110,0.0000000000000000000
1258,1767,U05875,0.0000000000000000000
1259,1768,H01418,0.0000000000000000000
1260,1579,T79831,0.0000000000000000000
1261,1563,R94513,0.0000000000000000000
1262,1495,R35665,0.0000000000000000000
1263,1754,R85558,0.0000000000000000000
1264,1854,D38521,0.0000000000000000000
1265,1486,L25941,0.0000000000000000000
1266,1855,X80692,0.0000000000000000000
1267,1856,U37690_,0.0000000000000000000
1268,1831,X15943,0.0000000000000000000
1269,1857,H74265,0.0000000000000000000
1270,1829,M83664,0.0000000000000000000
1271,1485,R15814,0.0000000000000000000
1272,1589,R74208,0.0000000000000000000
1273,1828,R36644,0.0000000000000000000
1274,1590,L14076,0.0000000000000000000
1275,1484,D13665,0.0000000000000000000
1276,1860,H72850,0.0000000000000000000
1277,1483,X57348,0.0000000000000000000
1278,1751,X15149,0.0000000000000000000
1279,1787,H62177,0.0000000000000000000
1280,1772,R75893_,0.0000000000000000000
1281,1773,R77220,0.0000000000000000000
1282,1576,H06189,0.0000000000000000000
1283,1507,X79353,0.0000000000000000000
1284,1515,H68239,0.0000000000000000000
1285,1832,R60168,0.0000000000000000000
1286,1518,X69115,0.0000000000000000000
1287,1567,D14695,0.0000000000000000000
1288,1780,R22816,0.0000000000000000000
1289,1512,D28124,0.0000000000000000000
1290,1564,H08351,0.0000000000000000000
1291,1520,U07139,0.0000000000000000000
1292,1570,X58401,0.0000000000000000000
1293,1836,R88749,0.0000000000000000000
1294,1779,R42095,0.0000000000000000000
1295,1839,D38537,0.0000000000000000000
1296,1508,M77829,0.0000000000000000000
1297,1782,X06700,0.0000000000000000000
1298,1571,M96859,0.0000000000000000000
1299,1574,T58731,0.0000000000000000000
1300,1506,U27337,0.0000000000000000000
1301,1840,R41561,0.0000000000000000000
1302,1841,M87434,0.0000000000000000000
1303,1843,R22953,0.0000000000000000000
1304,1778,R50482,0.0000000000000000000
1305,1522,X02228,0.0000000000000000000
1306,1503,H78386,0.0000000000000000000
1307,1502,R47961,0.0000000000000000000
1308,1501,R46362,0.0000000000000000000
1309,1500,H44044,0.0000000000000000000
1310,1499,M14539,0.0000000000000000000
1311,1844,L06111,0.0000000000000000000
1312,1845,T52806,0.0000000000000000000
1313,1783,M37510,0.0000000000000000000
1314,1525,H05899,0.0000000000000000000
1315,1482,K03474_,0.0000000000000000000
1316,1450,D15049,0.0000000000000000000
1317,1725,H65425,0.0000000000000000000
1318,1720,H28050,0.0000000000000000000
1319,1610,H92195,0.0000000000000000000
1320,1892,L34657,0.0000000000000000000
1321,1722,Z13009,0.0000000000000000000
1322,1890,H29546,0.0000000000000000000
1323,1724,M31679,0.0000000000000000000
1324,1727,R75893,0.0000000000000000000
1325,1481,T64012,0.0000000000000000000
1326,1462,H15662,0.0000000000000000000
1327,1606,Y00062,0.0000000000000000000
1328,1605,X12876,0.0000000000000000000
1329,1551,U11037,0.0000000000000000000
1330,1888,H21042,0.0000000000000000000
1331,1822,H20289,0.0000000000000000000
1332,1719,H39830,0.0000000000000000000
1333,1537,R67987,0.0000000000000000000
1334,1612,R67275,0.0000000000000000000
1335,1716,H45251,0.0000000000000000000
1336,1458,T40637,0.0000000000000000000
1337,1905,R90908,0.0000000000000000000
1338,1457,H04654,0.0000000000000000000
1339,1906,U12134,0.0000000000000000000
1340,1714,T60860,0.0000000000000000000
1341,1455,Z15115,0.0000000000000000000
1342,1614,R42765,0.0000000000000000000
1343,1907,L25851,0.0000000000000000000
1344,1454,R89067,0.0000000000000000000
1345,1795,R77210,0.0000000000000000000
1346,1909,R45442,0.0000000000000000000
1347,1452,D17532,0.0000000000000000000
1348,1910,R59583,0.0000000000000000000
1349,1887,H02611,0.0000000000000000000
1350,1794,Z18948,0.0000000000000000000
1351,1882,R44057,0.0000000000000000000
1352,1733,H05695,0.0000000000000000000
1353,1788,X73424,0.0000000000000000000
1354,1480,H69834,0.0000000000000000000
1355,1479,M64231,0.0000000000000000000
1356,1478,X57019,0.0000000000000000000
1357,1477,R45529,0.0000000000000000000
1358,1476,T54767,0.0000000000000000000
1359,1593,H87157,0.0000000000000000000
1360,1747,U05291,0.0000000000000000000
1361,1595,X51435,0.0000000000000000000
1362,1557,R49416,0.0000000000000000000
1363,1528,T66960,0.0000000000000000000
1364,1743,H01482,0.0000000000000000000
1365,1741,X02874,0.0000000000000000000
1366,1738,X72632,0.0000000000000000000
1367,1529,X69392,0.0000000000000000000
1368,1603,D16227,0.0000000000000000000
1369,1827,T56350,0.0000000000000000000
1370,1791,M85169,0.0000000000000000000
1371,1730,L38932,0.0000000000000000000
1372,1826,T55871,0.0000000000000000000
1373,1871,X69295,0.0000000000000000000
1374,1470,D10522_,0.0000000000000000000
1375,1533,X74330,0.0000000000000000000
1376,1873,L13385,0.0000000000000000000
1377,1601,L04751,0.0000000000000000000
1378,1877,L04953,0.0000000000000000000
1379,1792,M55683,0.0000000000000000000
1380,1878,M93009,0.0000000000000000000
1381,1880,H88876,0.0000000000000000000
1382,1823,X57110,0.0000000000000000000
1383,1552,H08637,0.0000000000000000000
1384,0,H55933,0.0000000000000000000
1385,1381,H58397,0.0000000000000000000
1386,513,T47562_,0.0000000000000000000
1387,526,U31215,0.0000000000000000000
1388,524,U20659,0.0000000000000000000
1389,523,H11650,0.0000000000000000000
1390,520,H07899,0.0000000000000000000
1391,518,M60484,0.0000000000000000000
1392,517,M23410,0.0000000000000000000
1393,516,U30827,0.0000000000000000000
1394,510,H09599,0.0000000000000000000
1395,572,M21984,0.0000000000000000000
1396,509,D90188,0.0000000000000000000
1397,508,Z49199,0.0000000000000000000
1398,507,H01677,0.0000000000000000000
1399,505,R98189,0.0000000000000000000
1400,504,R53941,0.0000000000000000000
1401,503,X55362,0.0000000000000000000
1402,501,H23135,0.0000000000000000000
1403,529,U05012,0.0000000000000000000
1404,531,H29170,0.0000000000000000000
1405,532,R42837,0.0000000000000000000
1406,534,R59097,0.0000000000000000000
1407,565,X51521,0.0000000000000000000
1408,559,T69425,0.0000000000000000000
1409,557,R10707,0.0000000000000000000
1410,555,R09400,0.0000000000000000000
1411,553,H24401,0.0000000000000000000
1412,552,J05158,0.0000000000000000000
1413,550,L34774,0.0000000000000000000
1414,547,T40645,0.0000000000000000000
1415,545,R49565,0.0000000000000000000
1416,543,R27813,0.0000000000000000000
1417,540,X78706,0.0000000000000000000
1418,539,D00265,0.0000000000000000000
1419,538,H65182,0.0000000000000000000
1420,536,L36844,0.0000000000000000000
1421,535,M90684,0.0000000000000000000
1422,498,D14043,0.0000000000000000000
1423,497,U20158,0.0000000000000000000
1424,496,L08187,0.0000000000000000000
1425,450,X55187,0.0000000000000000000
1426,446,R43913,0.0000000000000000000
1427,445,D00749,0.0000000000000000000
1428,434,T97890,0.0000000000000000000
1429,433,X13810,0.0000000000000000000
1430,431,J02902,0.0000000000000000000
1431,424,R51531,0.0000000000000000000
1432,423,D21260,0.0000000000000000000
1433,422,T81460,0.0000000000000000000
1434,421,R77824,0.0000000000000000000
1435,419,R44895,0.0000000000000000000
1436,416,R61332,0.0000000000000000000
1437,415,H08678,0.0000000000000000000
1438,413,U04241,0.0000000000000000000
1439,411,U29656,0.0000000000000000000
1440,407,H62245,0.0000000000000000000
1441,448,R61359,0.0000000000000000000
1442,458,R49855,0.0000000000000000000
1443,493,M37984,0.0000000000000000000
1444,461,R42291,0.0000000000000000000
1445,490,H44011,0.0000000000000000000
1446,487,M94250,0.0000000000000000000
1447,486,L19267,0.0000000000000000000
1448,485,U04343,0.0000000000000000000
1449,482,H23975,0.0000000000000000000
1450,478,U20428,0.0000000000000000000
1451,476,R53769,0.0000000000000000000
1452,475,U11292,0.0000000000000000000
1453,474,H39654,0.0000000000000000000
1454,473,T70046,0.0000000000000000000
1455,472,M74491,0.0000000000000000000
1456,469,R59902,0.0000000000000000000
1457,468,T88712,0.0000000000000000000
1458,464,L33075,0.0000000000000000000
1459,462,M12959,0.0000000000000000000
1460,566,X65488,0.0000000000000000000
1461,573,D23672,0.0000000000000000000
1462,405,R00282,0.0000000000000000000
1463,685,X06614_,0.0000000000000000000
1464,699,U09413,0.0000000000000000000
1465,698,R92729_,0.0000000000000000000
1466,696,H19272,0.0000000000000000000
1467,692,L11370,0.0000000000000000000
1468,689,X53683,0.0000000000000000000
1469,688,X73358,0.0000000000000000000
1470,687,M28650,0.0000000000000000000
1471,683,R80612,0.0000000000000000000
1472,574,T50077,0.0000000000000000000
1473,682,H08749,0.0000000000000000000
1474,680,T81919,0.0000000000000000000
1475,676,H46136,0.0000000000000000000
1476,674,H17923,0.0000000000000000000
1477,673,H89983,0.0000000000000000000
1478,668,U39360,0.0000000000000000000
1479,667,U13896,0.0000000000000000000
1480,702,M34192,0.0000000000000000000
1481,704,T83673,0.0000000000000000000
1482,705,U01877,0.0000000000000000000
1483,706,T89164,0.0000000000000000000
1484,728,R72874,0.0000000000000000000
1485,727,X07862,0.0000000000000000000
1486,726,H83703,0.0000000000000000000
1487,724,L23823,0.0000000000000000000
1488,722,H65019,0.0000000000000000000
1489,721,H11272,0.0000000000000000000
1490,719,X65024,0.0000000000000000000
1491,718,T81492_,0.0000000000000000000
1492,714,H81864,0.0000000000000000000
1493,713,U25265,0.0000000000000000000
1494,712,T80178,0.0000000000000000000
1495,711,T90036,0.0000000000000000000
1496,709,H69872,0.0000000000000000000
1497,708,T67921,0.0000000000000000000
1498,707,H17969,0.0000000000000000000
1499,666,H72110,0.0000000000000000000
1500,663,H43663,0.0000000000000000000
1501,662,Z17227,0.0000000000000000000
1502,615,X68148,0.0000000000000000000
1503,610,L06895,0.0000000000000000000
1504,609,Z19002,0.0000000000000000000
1505,608,R21427,0.0000000000000000000
1506,606,H45526__,0.0000000000000000000
1507,602,R54818,0.0000000000000000000
1508,599,R73660,0.0000000000000000000
1509,598,T53412,0.0000000000000000000
1510,595,R49964,0.0000000000000000000
1511,590,H27921,0.0000000000000000000
1512,588,D31883_,0.0000000000000000000
1513,583,M31627,0.0000000000000000000
1514,582,H59599,0.0000000000000000000
1515,581,H51015,0.0000000000000000000
1516,577,T98803,0.0000000000000000000
1517,576,U01691,0.0000000000000000000
1518,613,T73092,0.0000000000000000000
1519,616,H67764,0.0000000000000000000
1520,661,X68277,0.0000000000000000000
1521,617,Y00970,0.0000000000000000000
1522,659,D16111,0.0000000000000000000
1523,657,R99591,0.0000000000000000000
1524,655,Z25821,0.0000000000000000000
1525,654,R53612,0.0000000000000000000
1526,650,U29171,0.0000000000000000000
1527,648,R54854,0.0000000000000000000
1528,646,X02744,0.0000000000000000000
1529,642,H82719,0.0000000000000000000
1530,640,R56892,0.0000000000000000000
1531,637,U03865,0.0000000000000000000
1532,636,U31216,0.0000000000000000000
1533,630,H04461,0.0000000000000000000
1534,623,T51250,0.0000000000000000000
1535,622,H11324,0.0000000000000000000
1536,620,L19437,0.0000000000000000000
1537,406,H47646,0.0000000000000000000
1538,403,T81492,0.0000000000000000000
1539,733,X66839,0.0000000000000000000
1540,173,R07333,0.0000000000000000000
1541,196,X83535,0.0000000000000000000
1542,195,R43309,0.0000000000000000000
1543,194,R50864,0.0000000000000000000
1544,191,M27539,0.0000000000000000000
1545,185,L38810,0.0000000000000000000
1546,178,D13705,0.0000000000000000000
1547,177,T54650,0.0000000000000000000
1548,172,M19311,0.0000000000000000000
1549,243,T70063,0.0000000000000000000
1550,171,D12765,0.0000000000000000000
1551,170,H88360_,0.0000000000000000000
1552,169,Z48950,0.0000000000000000000
1553,166,T57780,0.0000000000000000000
1554,163,X57351,0.0000000000000000000
1555,158,H88360,0.0000000000000000000
1556,157,R37276,0.0000000000000000000
1557,201,X15822,0.0000000000000000000
1558,202,L12168,0.0000000000000000000
1559,203,T76972,0.0000000000000000000
1560,205,L16510,0.0000000000000000000
1561,239,T40507,0.0000000000000000000
1562,236,T50334_,0.0000000000000000000
1563,235,R62425,0.0000000000000000000
1564,232,M62994,0.0000000000000000000
1565,231,D31883,0.0000000000000000000
1566,223,T51852,0.0000000000000000000
1567,221,L22214,0.0000000000000000000
1568,220,X53743,0.0000000000000000000
1569,217,R67075,0.0000000000000000000
1570,216,H15901,0.0000000000000000000
1571,215,L26339,0.0000000000000000000
1572,212,T50334,0.0000000000000000000
1573,211,H50623,0.0000000000000000000
1574,208,T61632,0.0000000000000000000
1575,207,D30655,0.0000000000000000000
1576,145,M99626,0.0000000000000000000
1577,143,X69723,0.0000000000000000000
1578,141,M27635,0.0000000000000000000
1579,63,M14630,0.0000000000000000000
1580,60,R74349,0.0000000000000000000
1581,54,H24754,0.0000000000000000000
1582,47,U21909,0.0000000000000000000
1583,43,T88723,0.0000000000000000000
1584,37,T63258,0.0000000000000000000
1585,33,T48041,0.0000000000000000000
1586,27,T63484,0.0000000000000000000
1587,26,H86060,0.0000000000000000000
1588,12,X63432,0.0000000000000000000
1589,9,T55131,0.0000000000000000000
1590,8,T65938,0.0000000000000000000
1591,6,T51496,0.0000000000000000000
1592,5,R02593,0.0000000000000000000
1593,4,U14973,0.0000000000000000000
1594,3,R85482,0.0000000000000000000
1595,62,H77302,0.0000000000000000000
1596,75,H13281,0.0000000000000000000
1597,139,H46728,0.0000000000000000000
1598,76,R49974,0.0000000000000000000
1599,135,T62856,0.0000000000000000000
1600,133,H87366,0.0000000000000000000
1601,123,V00522,0.0000000000000000000
1602,122,M28214,0.0000000000000000000
1603,121,R06716,0.0000000000000000000
1604,114,X67325,0.0000000000000000000
1605,113,T93589,0.0000000000000000000
1606,112,M86842,0.0000000000000000000
1607,103,M57710,0.0000000000000000000
1608,97,H13194,0.0000000000000000000
1609,96,H85596,0.0000000000000000000
1610,91,H64398,0.0000000000000000000
1611,89,U09873,0.0000000000000000000
1612,86,M94345,0.0000000000000000000
1613,77,R42570,0.0000000000000000000
1614,241,M58297,0.0000000000000000000
1615,245,K01144,0.0000000000000000000
1616,400,L19956,0.0000000000000000000
1617,333,H65823,0.0000000000000000000
1618,350,X55019,0.0000000000000000000
1619,348,X03674,0.0000000000000000000
1620,344,X80026,0.0000000000000000000
1621,339,T87527,0.0000000000000000000
1622,338,M93010,0.0000000000000000000
1623,337,R41941,0.0000000000000000000
1624,334,R54837,0.0000000000000000000
1625,332,M16447,0.0000000000000000000
1626,246,T79813,0.0000000000000000000
1627,331,T72582,0.0000000000000000000
1628,329,T59406,0.0000000000000000000
1629,327,H40705,0.0000000000000000000
1630,325,L10911,0.0000000000000000000
1631,324,Z46389,0.0000000000000000000
1632,323,R85616,0.0000000000000000000
1633,322,U28963,0.0000000000000000000
1634,354,M30474,0.0000000000000000000
1635,355,H22579,0.0000000000000000000
1636,357,T72503,0.0000000000000000000
1637,360,T50511,0.0000000000000000000
1638,397,M23419,0.0000000000000000000
1639,393,M99564,0.0000000000000000000
1640,388,H41017,0.0000000000000000000
1641,385,T54341,0.0000000000000000000
1642,384,D13634,0.0000000000000000000
1643,382,M32405,0.0000000000000000000
1644,381,Z15114,0.0000000000000000000
1645,380,T65594,0.0000000000000000000
1646,377,X72389,0.0000000000000000000
1647,375,X59871,0.0000000000000000000
1648,374,R49169,0.0000000000000000000
1649,373,T70197,0.0000000000000000000
1650,367,T49397,0.0000000000000000000
1651,366,H05966,0.0000000000000000000
1652,365,X04500,0.0000000000000000000
1653,321,X62055,0.0000000000000000000
1654,319,M69238,0.0000000000000000000
1655,318,T47562,0.0000000000000000000
1656,277,R83904,0.0000000000000000000
1657,273,X82456,0.0000000000000000000
1658,271,X05196,0.0000000000000000000
1659,269,R92729,0.0000000000000000000
1660,268,X77956,0.0000000000000000000
1661,267,T62633,0.0000000000000000000
1662,263,M26252,0.0000000000000000000
1663,262,control11,0.0000000000000000000
1664,261,control10,0.0000000000000000000
1665,260,control9,0.0000000000000000000
1666,259,control8,0.0000000000000000000
1667,258,X54163,0.0000000000000000000
1668,255,X69878,0.0000000000000000000
1669,253,H80975,0.0000000000000000000
1670,252,X66363,0.0000000000000000000
1671,247,R16255,0.0000000000000000000
1672,275,T53694,0.0000000000000000000
1673,281,T46888,0.0000000000000000000
1674,314,X63187,0.0000000000000000000
1675,282,T69446,0.0000000000000000000
1676,313,D14696,0.0000000000000000000
1677,310,H82820,0.0000000000000000000
1678,305,J00231,0.0000000000000000000
1679,304,Z11584,0.0000000000000000000
1680,302,Z14000,0.0000000000000000000
1681,301,R34701,0.0000000000000000000
1682,300,X61971,0.0000000000000000000
1683,299,T91043,0.0000000000000000000
1684,295,M86400,0.0000000000000000000
1685,293,L26405,0.0000000000000000000
1686,292,X57206,0.0000000000000000000
1687,291,Z22658,0.0000000000000000000
1688,288,R95874,0.0000000000000000000
1689,287,T48102,0.0000000000000000000
1690,284,T99498,0.0000000000000000000
1691,729,H45781,0.0000000000000000000
1692,740,T77446,0.0000000000000000000
1693,1378,R32511,0.0000000000000000000
1694,1154,R36467,0.0000000000000000000
1695,1171,U18242,0.0000000000000000000
1696,1169,X17644,0.0000000000000000000
1697,1165,R44740,0.0000000000000000000
1698,1159,R42798,0.0000000000000000000
1699,1158,T62904,0.0000000000000000000
1700,1157,T89175,0.0000000000000000000
1701,1155,L41142,0.0000000000000000000
1702,1150,X71490,0.0000000000000000000
1703,1218,X80497,0.0000000000000000000
1704,1149,X78549,0.0000000000000000000
1705,1148,T52624,0.0000000000000000000
1706,1145,R76863,0.0000000000000000000
1707,1143,X83228,0.0000000000000000000
1708,1142,M22349,0.0000000000000000000
1709,1141,X72889,0.0000000000000000000
1710,1139,T71612,0.0000000000000000000
1711,1176,U07802,0.0000000000000000000
1712,1177,J03143,0.0000000000000000000
1713,1179,T90851,0.0000000000000000000
1714,1180,H80114,0.0000000000000000000
1715,1214,T47213,0.0000000000000000000
1716,1211,H51196,0.0000000000000000000
1717,1209,R55310,0.0000000000000000000
1718,1207,H72965,0.0000000000000000000
1719,1205,M37721,0.0000000000000000000
1720,1203,R46740,0.0000000000000000000
1721,1200,X75304,0.0000000000000000000
1722,1197,R36973,0.0000000000000000000
1723,1194,H04802,0.0000000000000000000
1724,1191,U35116,0.0000000000000000000
1725,1187,T57535,0.0000000000000000000
1726,1185,H40269,0.0000000000000000000
1727,1183,M18930,0.0000000000000000000
1728,1182,M69296,0.0000000000000000000
1729,1181,M61199,0.0000000000000000000
1730,1134,R44887,0.0000000000000000000
1731,1133,T50508,0.0000000000000000000
1732,1132,H47650,0.0000000000000000000
1733,1103,Z18538,0.0000000000000000000
1734,1101,T51558,0.0000000000000000000
1735,1098,M81933,0.0000000000000000000
1736,1097,H20543,0.0000000000000000000
1737,1092,T92736,0.0000000000000000000
1738,1091,T64974,0.0000000000000000000
1739,1089,M98343,0.0000000000000000000
1740,1087,H48175,0.0000000000000000000
1741,1086,T55117,0.0000000000000000000
1742,1085,R39531,0.0000000000000000000
1743,1084,D42053,0.0000000000000000000
1744,1083,X54871,0.0000000000000000000
1745,1082,L26494,0.0000000000000000000
1746,1080,H02465,0.0000000000000000000
1747,1079,D16481,0.0000000000000000000
1748,1078,R98441,0.0000000000000000000
1749,1102,T56460,0.0000000000000000000
1750,1104,T40849,0.0000000000000000000
1751,1131,L13689,0.0000000000000000000
1752,1105,H92182,0.0000000000000000000
1753,1130,U05572,0.0000000000000000000
1754,1129,H69819,0.0000000000000000000
1755,1126,T62635,0.0000000000000000000
1756,1124,T48612,0.0000000000000000000
1757,1122,J03004,0.0000000000000000000
1758,1120,H45807,0.0000000000000000000
1759,1119,T65758,0.0000000000000000000
1760,1116,X17273,0.0000000000000000000
1761,1115,H09089,0.0000000000000000000
1762,1113,X76648,0.0000000000000000000
1763,1111,R44363,0.0000000000000000000
1764,1110,D31716,0.0000000000000000000
1765,1108,R52624,0.0000000000000000000
1766,1107,R16543,0.0000000000000000000
1767,1106,D43951,0.0000000000000000000
1768,1217,R56443,0.0000000000000000000
1769,1221,U20582,0.0000000000000000000
1770,1076,R55778,0.0000000000000000000
1771,1321,M20867,0.0000000000000000000
1772,1337,L41067,0.0000000000000000000
1773,1336,H05978,0.0000000000000000000
1774,1334,X83301,0.0000000000000000000
1775,1330,D10522,0.0000000000000000000
1776,1329,T52905,0.0000000000000000000
1777,1326,T84082,0.0000000000000000000
1778,1322,R43766,0.0000000000000000000
1779,1320,X02761,0.0000000000000000000
1780,1223,X12791,0.0000000000000000000
1781,1319,T47025,0.0000000000000000000
1782,1317,R32804,0.0000000000000000000
1783,1316,T95046,0.0000000000000000000
1784,1315,H54091,0.0000000000000000000
1785,1311,M86934,0.0000000000000000000
1786,1310,M13450,0.0000000000000000000
1787,1309,R87747,0.0000000000000000000
1788,1340,M74524,0.0000000000000000000
1789,1342,X79981,0.0000000000000000000
1790,1344,H55759,0.0000000000000000000
1791,1346,X02157,0.0000000000000000000
1792,1376,D15057,0.0000000000000000000
1793,1374,H42884,0.0000000000000000000
1794,1373,H25940,0.0000000000000000000
1795,1372,T51139,0.0000000000000000000
1796,1370,M83254,0.0000000000000000000
1797,1369,H22579_,0.0000000000000000000
1798,1362,X89430,0.0000000000000000000
1799,1361,M95549,0.0000000000000000000
1800,1356,T84051,0.0000000000000000000
1801,1354,T85165,0.0000000000000000000
1802,1353,R85326,0.0000000000000000000
1803,1351,M24069,0.0000000000000000000
1804,1350,X68688,0.0000000000000000000
1805,1349,R70479,0.0000000000000000000
1806,1348,M28827,0.0000000000000000000
1807,1307,D14665,0.0000000000000000000
1808,1303,H73908,0.0000000000000000000
1809,1301,M62762,0.0000000000000000000
1810,1263,H47107,0.0000000000000000000
1811,1254,T71574,0.0000000000000000000
1812,1252,R86960,0.0000000000000000000
1813,1251,T75577,0.0000000000000000000
1814,1250,X90828,0.0000000000000000000
1815,1245,X52151,0.0000000000000000000
1816,1244,H81802,0.0000000000000000000
1817,1243,X53461,0.0000000000000000000
1818,1242,X75304_,0.0000000000000000000
1819,1240,T64885,0.0000000000000000000
1820,1239,T99080,0.0000000000000000000
1821,1236,T79473,0.0000000000000000000
1822,1235,U03090,0.0000000000000000000
1823,1233,R19361,0.0000000000000000000
1824,1231,D14661,0.0000000000000000000
1825,1224,R46528,0.0000000000000000000
1826,1258,R46739,0.0000000000000000000
1827,1266,M28697,0.0000000000000000000
1828,1299,T94885,0.0000000000000000000
1829,1267,H46994,0.0000000000000000000
1830,1297,D13630,0.0000000000000000000
1831,1296,H62828,0.0000000000000000000
1832,1295,X82166,0.0000000000000000000
1833,1291,R45942,0.0000000000000000000
1834,1289,L40027,0.0000000000000000000
1835,1285,D16294,0.0000000000000000000
1836,1283,J04474,0.0000000000000000000
1837,1279,X16354,0.0000000000000000000
1838,1278,X68149,0.0000000000000000000
1839,1277,D63876,0.0000000000000000000
1840,1275,H45977,0.0000000000000000000
1841,1274,L10386,0.0000000000000000000
1842,1272,H23005,0.0000000000000000000
1843,1269,L07592,0.0000000000000000000
1844,1268,L11373,0.0000000000000000000
1845,1077,H38838,0.0000000000000000000
1846,1074,H89092,0.0000000000000000000
1847,741,R70008,0.0000000000000000000
1848,842,R37480,0.0000000000000000000
1849,853,H70609,0.0000000000000000000
1850,851,T54360,0.0000000000000000000
1851,850,H05910,0.0000000000000000000
1852,849,H49652,0.0000000000000000000
1853,847,M38258,0.0000000000000000000
1854,845,X80910,0.0000000000000000000
1855,843,M63959,0.0000000000000000000
1856,841,J03827,0.0000000000000000000
1857,906,M14016,0.0000000000000000000
1858,840,T79161,0.0000000000000000000
1859,838,T59162,0.0000000000000000000
1860,836,H11054,0.0000000000000000000
1861,835,M23254,0.0000000000000000000
1862,834,T84057,0.0000000000000000000
1863,832,H29483,0.0000000000000000000
1864,828,U07158,0.0000000000000000000
1865,855,X66924,0.0000000000000000000
1866,856,R43976,0.0000000000000000000
1867,859,R42994,0.0000000000000000000
1868,863,H22842,0.0000000000000000000
1869,900,T83644,0.0000000000000000000
1870,898,T41094,0.0000000000000000000
1871,895,H09149,0.0000000000000000000
1872,893,R56869,0.0000000000000000000
1873,890,R61249,0.0000000000000000000
1874,888,H15069_,0.0000000000000000000
1875,885,R91051,0.0000000000000000000
1876,884,H27202,0.0000000000000000000
1877,880,X64037,0.0000000000000000000
1878,878,X60957,0.0000000000000000000
1879,877,M87789,0.0000000000000000000
1880,874,T41207,0.0000000000000000000
1881,870,J03069,0.0000000000000000000
1882,866,M87503,0.0000000000000000000
1883,865,X82494,0.0000000000000000000
1884,822,X76228,0.0000000000000000000
1885,820,H40416,0.0000000000000000000
1886,819,X79857,0.0000000000000000000
1887,772,R40184,0.0000000000000000000
1888,770,L00352,0.0000000000000000000
1889,761,R23176,0.0000000000000000000
1890,760,R27017,0.0000000000000000000
1891,759,M36341,0.0000000000000000000
1892,758,X90858,0.0000000000000000000
1893,757,T78104,0.0000000000000000000
1894,755,T65438,0.0000000000000000000
1895,754,X55005,0.0000000000000000000
1896,753,Y00281,0.0000000000000000000
1897,751,M32800,0.0000000000000000000
1898,747,X84700,0.0000000000000000000
1899,746,X57347,0.0000000000000000000
1900,745,U03100,0.0000000000000000000
1901,744,D16469,0.0000000000000000000
1902,742,T59354,0.0000000000000000000
1903,771,M81758,0.0000000000000000000
1904,776,L41268,0.0000000000000000000
1905,818,H08144,0.0000000000000000000
1906,777,X69550,0.0000000000000000000
1907,817,H87240,0.0000000000000000000
1908,816,R16665,0.0000000000000000000
1909,813,Z30644,0.0000000000000000000
1910,812,M83738,0.0000000000000000000
1911,809,X79683,0.0000000000000000000
1912,808,U34252,0.0000000000000000000
1913,807,T49637,0.0000000000000000000
1914,804,M16029,0.0000000000000000000
1915,803,R76254,0.0000000000000000000
1916,798,J03210,0.0000000000000000000
1917,796,X51416,0.0000000000000000000
1918,795,R73129,0.0000000000000000000
1919,789,H26419,0.0000000000000000000
1920,787,X02492,0.0000000000000000000
1921,780,L20422,0.0000000000000000000
1922,903,M64929,0.0000000000000000000
1923,908,H75955,0.0000000000000000000
1924,1069,R70535,0.0000000000000000000
1925,1012,H88250,0.0000000000000000000
1926,1024,T74896,0.0000000000000000000
1927,1023,R65697,0.0000000000000000000
1928,1022,T67897,0.0000000000000000000
1929,1020,X14968,0.0000000000000000000
1930,1016,M86868,0.0000000000000000000
1931,1015,T61941,0.0000000000000000000
1932,1013,R43914,0.0000000000000000000
1933,1011,L10413,0.0000000000000000000
1934,910,K02566__,0.0000000000000000000
1935,1010,T60855,0.0000000000000000000
1936,1009,J04813,0.0000000000000000000
1937,1006,D11086,0.0000000000000000000
1938,1005,T53889,0.0000000000000000000
1939,1004,H89477,0.0000000000000000000
1940,1002,R44677,0.0000000000000000000
1941,999,J00277,0.0000000000000000000
1942,1027,L10717,0.0000000000000000000
1943,1028,X63071,0.0000000000000000000
1944,1030,L06328,0.0000000000000000000
1945,1036,H56470,0.0000000000000000000
1946,1068,X05610,0.0000000000000000000
1947,1065,R83349,0.0000000000000000000
1948,1064,M14764_,0.0000000000000000000
1949,1063,X69141,0.0000000000000000000
1950,1055,J03824,0.0000000000000000000
1951,1054,M99439,0.0000000000000000000
1952,1053,R15876,0.0000000000000000000
1953,1051,U02493_,0.0000000000000000000
1954,1050,X82895,0.0000000000000000000
1955,1049,M69043,0.0000000000000000000
1956,1048,R72827,0.0000000000000000000
1957,1047,X01060,0.0000000000000000000
1958,1045,M22632,0.0000000000000000000
1959,1040,R54467,0.0000000000000000000
1960,1039,M75883,0.0000000000000000000
1961,998,R60217,0.0000000000000000000
1962,997,H16597,0.0000000000000000000
1963,995,X79683_,0.0000000000000000000
1964,954,T61090,0.0000000000000000000
1965,951,M96824,0.0000000000000000000
1966,943,H06489,0.0000000000000000000
1967,940,X64364,0.0000000000000000000
1968,937,R54401,0.0000000000000000000
1969,936,R56052,0.0000000000000000000
1970,934,L13042,0.0000000000000000000
1971,933,Y00815,0.0000000000000000000
1972,932,H26965,0.0000000000000000000
1973,931,L38503,0.0000000000000000000
1974,926,U09466,0.0000000000000000000
1975,925,D17530,0.0000000000000000000
1976,923,U09848,0.0000000000000000000
1977,920,U24077,0.0000000000000000000
1978,916,T63539,0.0000000000000000000
1979,912,X79198,0.0000000000000000000
1980,953,D31767,0.0000000000000000000
1981,956,M25160,0.0000000000000000000
1982,990,M34192_,0.0000000000000000000
1983,958,T89115,0.0000000000000000000
1984,989,D38549,0.0000000000000000000
1985,987,L08044,0.0000000000000000000
1986,986,M10065,0.0000000000000000000
1987,985,D78134,0.0000000000000000000
1988,984,T40568,0.0000000000000000000
1989,983,R14852,0.0000000000000000000
1990,977,J04026,0.0000000000000000000
1991,975,H13281_,0.0000000000000000000
1992,969,T62191,0.0000000000000000000
1993,968,H28373,0.0000000000000000000
1994,967,R46731,0.0000000000000000000
1995,966,R48936,0.0000000000000000000
1996,965,D43949,0.0000000000000000000
1997,962,T51288,0.0000000000000000000
1998,961,R78927,0.0000000000000000000
1999,1000,M16029_,0.0000000000000000000
