,index,Feature,value_variancethres
0,603,M97370,1.0000000000000007
1,61,T48804,1.0000000000000007
2,1794,Z18948,1.0000000000000007
3,1908,U10886,1.0000000000000007
4,237,R07007,1.0000000000000007
5,762,T54276,1.0000000000000007
6,328,M65028,1.0000000000000007
7,869,M16827,1.0000000000000007
8,377,X72389,1.0000000000000007
9,1625,T95612,1.0000000000000007
10,1555,H17802,1.0000000000000004
11,197,T57630,1.0000000000000004
12,915,H04311,1.0000000000000004
13,1557,R49416,1.0000000000000004
14,1556,M21186,1.0000000000000004
15,1562,H28704,1.0000000000000004
16,1566,R08021,1.0000000000000004
17,188,T64467,1.0000000000000004
18,200,Z24727,1.0000000000000004
19,615,X68148,1.0000000000000004
20,1545,T51493,1.0000000000000004
21,902,M81601,1.0000000000000004
22,1540,R42127,1.0000000000000004
23,926,U09466,1.0000000000000004
24,1530,M34344,1.0000000000000004
25,934,L13042,1.0000000000000004
26,1513,R59202,1.0000000000000004
27,460,M90104,1.0000000000000004
28,217,R67075,1.0000000000000004
29,1504,M83221,1.0000000000000004
30,1503,H78386,1.0000000000000004
31,458,R49855,1.0000000000000004
32,948,X81372,1.0000000000000004
33,1485,R15814,1.0000000000000004
34,1569,H81558,1.0000000000000004
35,1593,H87157,1.0000000000000004
36,1589,R74208,1.0000000000000004
37,835,M23254,1.0000000000000004
38,127,M84326,1.0000000000000004
39,1693,H74007,1.0000000000000004
40,1691,X51985,1.0000000000000004
41,132,L38696,1.0000000000000004
42,823,Z49269_,1.0000000000000004
43,824,X80754,1.0000000000000004
44,1683,H24310,1.0000000000000004
45,825,H22948,1.0000000000000004
46,826,T90759,1.0000000000000004
47,140,D21261,1.0000000000000004
48,1674,D00596,1.0000000000000004
49,508,Z49199,1.0000000000000004
50,487,M94250,1.0000000000000004
51,145,M99626,1.0000000000000004
52,147,M19283,1.0000000000000004
53,853,H70609,1.0000000000000004
54,152,T74906,1.0000000000000004
55,155,M29273,1.0000000000000004
56,860,R01157,1.0000000000000004
57,1638,U14391,1.0000000000000004
58,163,X57351,1.0000000000000004
59,1609,U15782,1.0000000000000004
60,489,H77348,1.0000000000000004
61,1481,T64012,1.0000000000000004
62,226,M64445,1.0000000000000004
63,447,X02875,1.0000000000000004
64,1475,H05893,1.0000000000000004
65,1285,D16294,1.0000000000000004
66,1282,Y00711,1.0000000000000004
67,395,H85835,1.0000000000000004
68,309,T48296,1.0000000000000004
69,1267,H46994,1.0000000000000004
70,1098,M81933,1.0000000000000004
71,1264,H11374,1.0000000000000004
72,1104,T40849,1.0000000000000004
73,1113,X76648,1.0000000000000004
74,1240,T64885,1.0000000000000004
75,325,L10911,1.0000000000000004
76,378,M74903,1.0000000000000004
77,1225,M23419_,1.0000000000000004
78,1224,R46528,1.0000000000000004
79,1130,U05572,1.0000000000000004
80,1213,X57830,1.0000000000000004
81,1134,R44887,1.0000000000000004
82,1204,U09414,1.0000000000000004
83,1138,R56401,1.0000000000000004
84,343,H15542,1.0000000000000004
85,1189,T79616,1.0000000000000004
86,1181,M61199,1.0000000000000004
87,1180,H80114,1.0000000000000004
88,367,T49397,1.0000000000000004
89,363,M27903,1.0000000000000004
90,1172,M55543,1.0000000000000004
91,1081,U10117,1.0000000000000004
92,1291,R45942,1.0000000000000004
93,960,H91274,1.0000000000000004
94,1072,R98842,1.0000000000000004
95,1698,R39540,1.0000000000000004
96,966,R48936,1.0000000000000004
97,1452,D17532,1.0000000000000004
98,1450,D15049,1.0000000000000004
99,441,T64878,1.0000000000000004
100,1446,T84049,1.0000000000000004
101,436,H41129,1.0000000000000004
102,1436,T67433,1.0000000000000004
103,1431,D26068,1.0000000000000004
104,1424,M68520,1.0000000000000004
105,264,R72300,1.0000000000000004
106,265,H01346,1.0000000000000004
107,268,X77956,1.0000000000000004
108,421,R77824,1.0000000000000004
109,274,U14971_,1.0000000000000004
110,1347,X52228,1.0000000000000004
111,1045,M22632,1.0000000000000004
112,1338,U24166,1.0000000000000004
113,414,T60155,1.0000000000000004
114,286,M84739,1.0000000000000004
115,1064,M14764_,1.0000000000000004
116,1314,M97676,1.0000000000000004
117,1311,M86934,1.0000000000000004
118,297,T98616,1.0000000000000004
119,1302,L20431,1.0000000000000004
120,813,Z30644,1.0000000000000004
121,899,U08198,1.0000000000000004
122,1163,L31881,1.0000000000000004
123,664,R38513,1.0000000000000004
124,1790,T48904,1.0000000000000004
125,1904,R23907,1.0000000000000004
126,1788,X73424,1.0000000000000004
127,745,U03100,1.0000000000000004
128,85,T72938,1.0000000000000004
129,748,R09479,1.0000000000000004
130,1771,H08393,1.0000000000000004
131,744,D16469,1.0000000000000004
132,1927,R78595,1.0000000000000004
133,752,R39681_,1.0000000000000004
134,24,H80240_,1.0000000000000004
135,645,R61368,1.0000000000000004
136,95,T95318,1.0000000000000004
137,1937,U31248_,1.0000000000000004
138,666,H72110,1.0000000000000004
139,669,T67905,1.0000000000000004
140,640,R56892,1.0000000000000004
141,1881,H13292,1.0000000000000004
142,1872,L07648,1.0000000000000004
143,579,U37673,1.0000000000000004
144,705,U01877,1.0000000000000004
145,46,T58861,1.0000000000000004
146,571,T58756,1.0000000000000004
147,1880,H88876,1.0000000000000004
148,1885,M84721,1.0000000000000004
149,589,R15447,1.0000000000000004
150,1837,H06245,1.0000000000000004
151,565,X51521,1.0000000000000004
152,736,M69135,1.0000000000000004
153,560,R46753,1.0000000000000004
154,559,T69425,1.0000000000000004
155,1896,U19969,1.0000000000000004
156,1753,R98189_,1.0000000000000004
157,88,D12686,1.0000000000000004
158,1870,M84490,1.0000000000000004
159,797,M26481,1.0000000000000004
160,11,H86060_,1.0000000000000004
161,607,R44863,1.0000000000000004
162,529,U05012,1.0000000000000004
163,536,L36844,1.0000000000000004
164,609,Z19002,1.0000000000000004
165,781,X02750,1.0000000000000004
166,634,U07695,1.0000000000000004
167,1944,M69181,1.0000000000000004
168,120,X04106,1.0000000000000004
169,776,L41268,1.0000000000000004
170,1994,D17390,1.0000000000000004
171,1704,T48692,1.0000000000000004
172,636,U31216,1.0000000000000004
173,1960,H77510,1.0000000000000004
174,620,L19437,1.0000000000000002
175,1050,X82895,1.0000000000000002
176,674,H17923,1.0000000000000002
177,1158,T62904,1.0000000000000002
178,676,H46136,1.0000000000000002
179,1154,R36467,1.0000000000000002
180,1048,R72827,1.0000000000000002
181,685,X06614_,1.0000000000000002
182,1051,U02493_,1.0000000000000002
183,1159,R42798,1.0000000000000002
184,1063,X69141,1.0000000000000002
185,673,H89983,1.0000000000000002
186,1057,M80815,1.0000000000000002
187,1042,M86737,1.0000000000000002
188,1041,R36977,1.0000000000000002
189,1052,T72599,1.0000000000000002
190,1039,M75883,1.0000000000000002
191,1040,R54467,1.0000000000000002
192,619,X04828,1.0000000000000002
193,1005,T53889,1.0000000000000002
194,1162,U14394,1.0000000000000002
195,1007,R80779,1.0000000000000002
196,1009,J04813,1.0000000000000002
197,1018,L42542,1.0000000000000002
198,1019,X56253,1.0000000000000002
199,1021,R38513_,1.0000000000000002
200,1026,M11220,1.0000000000000002
201,1029,H81068,1.0000000000000002
202,692,L11370,1.0000000000000002
203,691,T71207,1.0000000000000002
204,1032,M69066,1.0000000000000002
205,1034,R34098,1.0000000000000002
206,690,H30734,1.0000000000000002
207,1035,R41866,1.0000000000000002
208,1038,L24203,1.0000000000000002
209,1161,H27277,1.0000000000000002
210,1065,R83349,1.0000000000000002
211,1127,D11466,1.0000000000000002
212,621,M28129,1.0000000000000002
213,1107,R16543,1.0000000000000002
214,656,M27749,1.0000000000000002
215,1088,T65790,1.0000000000000002
216,651,R10066,1.0000000000000002
217,1097,H20543,1.0000000000000002
218,1133,T50508,1.0000000000000002
219,629,T49703,1.0000000000000002
220,630,H04461,1.0000000000000002
221,1106,D43951,1.0000000000000002
222,1111,R44363,1.0000000000000002
223,1066,T70062,1.0000000000000002
224,1115,H09089,1.0000000000000002
225,1117,H11661,1.0000000000000002
226,1119,T65758,1.0000000000000002
227,1120,H45807,1.0000000000000002
228,642,H82719,1.0000000000000002
229,1122,J03004,1.0000000000000002
230,1124,T48612,1.0000000000000002
231,639,M60706,1.0000000000000002
232,660,T62972,1.0000000000000002
233,661,X68277,1.0000000000000002
234,665,H29293,1.0000000000000002
235,1003,R60883,1.0000000000000002
236,624,X12671,1.0000000000000002
237,1067,M98326,1.0000000000000002
238,1126,T62635,1.0000000000000002
239,1069,R70535,1.0000000000000002
240,1070,H40108,1.0000000000000002
241,1071,H78819,1.0000000000000002
242,1151,R93337,1.0000000000000002
243,1146,U02020,1.0000000000000002
244,626,Z48541,1.0000000000000002
245,1143,X83228,1.0000000000000002
246,1073,U31383,1.0000000000000002
247,627,H27771,1.0000000000000002
248,1136,M34175_,1.0000000000000002
249,1075,M29065,1.0000000000000002
250,1135,T56690,1.0000000000000002
251,1076,R55778,1.0000000000000002
252,1077,H38838,1.0000000000000002
253,672,H71150,1.0000000000000002
254,809,X79683,1.0000000000000002
255,1002,R44677,1.0000000000000002
256,693,M88279,1.0000000000000002
257,862,U18300,1.0000000000000002
258,773,X13451,1.0000000000000002
259,863,H22842,1.0000000000000002
260,867,T47069,1.0000000000000002
261,772,R40184,1.0000000000000002
262,868,L35545,1.0000000000000002
263,768,U21128,1.0000000000000002
264,875,M67466,1.0000000000000002
265,878,X60957,1.0000000000000002
266,765,T47342,1.0000000000000002
267,880,X64037,1.0000000000000002
268,881,R33367,1.0000000000000002
269,883,M28650_,1.0000000000000002
270,887,H89688,1.0000000000000002
271,761,R23176,1.0000000000000002
272,757,T78104,1.0000000000000002
273,892,X72018,1.0000000000000002
274,893,R56869,1.0000000000000002
275,897,J02906,1.0000000000000002
276,1165,R44740,1.0000000000000002
277,751,M32800,1.0000000000000002
278,904,T99303,1.0000000000000002
279,905,R80703,1.0000000000000002
280,779,H40095,1.0000000000000002
281,858,R99230,1.0000000000000002
282,856,R43976,1.0000000000000002
283,829,R75843,1.0000000000000002
284,812,M83738,1.0000000000000002
285,806,M94132,1.0000000000000002
286,803,R76254,1.0000000000000002
287,802,R00285,1.0000000000000002
288,814,H78063,1.0000000000000002
289,817,H87240,1.0000000000000002
290,800,T47562__,1.0000000000000002
291,796,X51416,1.0000000000000002
292,795,R73129,1.0000000000000002
293,794,L03840,1.0000000000000002
294,830,T53868,1.0000000000000002
295,855,X66924,1.0000000000000002
296,791,R88740,1.0000000000000002
297,834,T84057,1.0000000000000002
298,788,X14618,1.0000000000000002
299,785,H70250,1.0000000000000002
300,784,D13627,1.0000000000000002
301,840,T79161,1.0000000000000002
302,783,T61599,1.0000000000000002
303,845,X80910,1.0000000000000002
304,782,R01755,1.0000000000000002
305,854,L37033,1.0000000000000002
306,909,H11719,1.0000000000000002
307,911,X52541,1.0000000000000002
308,912,X79198,1.0000000000000002
309,709,H69872,1.0000000000000002
310,718,T81492_,1.0000000000000002
311,717,X62899,1.0000000000000002
312,956,M25160,1.0000000000000002
313,958,T89115,1.0000000000000002
314,715,M14200_,1.0000000000000002
315,959,D50063,1.0000000000000002
316,961,R78927,1.0000000000000002
317,964,R46069,1.0000000000000002
318,712,T80178,1.0000000000000002
319,710,D49396,1.0000000000000002
320,970,X90529,1.0000000000000002
321,953,D31767,1.0000000000000002
322,972,T65740,1.0000000000000002
323,811,Z49269,1.0000000000000002
324,982,L07395,1.0000000000000002
325,701,D13138,1.0000000000000002
326,696,H19272,1.0000000000000002
327,695,U06088,1.0000000000000002
328,984,T40568,1.0000000000000002
329,990,M34192_,1.0000000000000002
330,994,X66362,1.0000000000000002
331,999,J00277,1.0000000000000002
332,720,T65380,1.0000000000000002
333,952,R37114,1.0000000000000002
334,913,L13939,1.0000000000000002
335,741,R70008,1.0000000000000002
336,747,X84700,1.0000000000000002
337,914,U28389,1.0000000000000002
338,746,X57347,1.0000000000000002
339,918,X14767,1.0000000000000002
340,919,J03161,1.0000000000000002
341,920,U24077,1.0000000000000002
342,921,T95291,1.0000000000000002
343,743,X53004,1.0000000000000002
344,922,X55177,1.0000000000000002
345,925,D17530,1.0000000000000002
346,740,T77446,1.0000000000000002
347,950,X17651,1.0000000000000002
348,928,M96233,1.0000000000000002
349,931,L38503,1.0000000000000002
350,932,H26965,1.0000000000000002
351,739,Z35093,1.0000000000000002
352,938,U29607,1.0000000000000002
353,945,M57732,1.0000000000000002
354,738,X12369,1.0000000000000002
355,947,H45299,1.0000000000000002
356,732,D00763,1.0000000000000002
357,721,H11272,1.0000000000000002
358,974,T85247,1.0000000000000002
359,0,H55933,1.0000000000000002
360,1166,T68098,1.0000000000000002
361,1167,U04953,1.0000000000000002
362,1701,H73714,1.0000000000000002
363,1705,H71627,1.0000000000000002
364,1712,R08829,1.0000000000000002
365,1714,T60860,1.0000000000000002
366,1715,D13636,1.0000000000000002
367,1716,H45251,1.0000000000000002
368,1717,M60335,1.0000000000000002
369,1718,L20469,1.0000000000000002
370,1719,H39830,1.0000000000000002
371,1727,R75893,1.0000000000000002
372,1728,R81170,1.0000000000000002
373,1729,X54942,1.0000000000000002
374,1732,X52008,1.0000000000000002
375,1733,H05695,1.0000000000000002
376,1735,H11125,1.0000000000000002
377,1738,X72632,1.0000000000000002
378,1739,M81651,1.0000000000000002
379,1740,H64526,1.0000000000000002
380,1741,X02874,1.0000000000000002
381,1744,R72104,1.0000000000000002
382,1745,X74795,1.0000000000000002
383,1748,R80779_,1.0000000000000002
384,1750,R40717_,1.0000000000000002
385,1754,R85558,1.0000000000000002
386,1757,H20819,1.0000000000000002
387,1759,R62438,1.0000000000000002
388,1763,T53549,1.0000000000000002
389,1764,L42110,1.0000000000000002
390,1766,H73943,1.0000000000000002
391,1699,R41765,1.0000000000000002
392,1697,U20998,1.0000000000000002
393,1696,L40392,1.0000000000000002
394,1647,T86749,1.0000000000000002
395,1600,U21914,1.0000000000000002
396,1605,X12876,1.0000000000000002
397,1607,L12723,1.0000000000000002
398,1611,X17097,1.0000000000000002
399,1613,T51539,1.0000000000000002
400,1615,D90086,1.0000000000000002
401,1617,H09781,1.0000000000000002
402,1633,T83368,1.0000000000000002
403,1637,R72164,1.0000000000000002
404,1640,K02268,1.0000000000000002
405,1643,R80427,1.0000000000000002
406,1644,X59131,1.0000000000000002
407,1645,L36818,1.0000000000000002
408,1648,M31994,1.0000000000000002
409,1690,H70868,1.0000000000000002
410,1649,R71585,1.0000000000000002
411,1650,U28686,1.0000000000000002
412,1657,H14341,1.0000000000000002
413,1669,H23975_,1.0000000000000002
414,1671,D42047,1.0000000000000002
415,1675,U03851,1.0000000000000002
416,1676,T47601,1.0000000000000002
417,1677,R96070,1.0000000000000002
418,1679,M31516_,1.0000000000000002
419,1680,U02082,1.0000000000000002
420,1686,T93317,1.0000000000000002
421,1687,T97473,1.0000000000000002
422,1688,H41147,1.0000000000000002
423,1773,R77220,1.0000000000000002
424,1774,T90350,1.0000000000000002
425,1780,R22816,1.0000000000000002
426,1939,M81840,1.0000000000000002
427,1893,X07767,1.0000000000000002
428,1897,X64229,1.0000000000000002
429,1898,U37673_,1.0000000000000002
430,1899,X56597,1.0000000000000002
431,1902,D43947,1.0000000000000002
432,1909,R45442,1.0000000000000002
433,1910,R59583,1.0000000000000002
434,1913,U26710,1.0000000000000002
435,1914,H87193,1.0000000000000002
436,1923,H64807,1.0000000000000002
437,1924,M25108,1.0000000000000002
438,1933,X76057,1.0000000000000002
439,1938,X70297,1.0000000000000002
440,1940,D90041,1.0000000000000002
441,1884,M85085,1.0000000000000002
442,1941,R67999,1.0000000000000002
443,1943,Z33642,1.0000000000000002
444,1946,R44112,1.0000000000000002
445,1947,X56411,1.0000000000000002
446,1951,T78323,1.0000000000000002
447,1955,X67325_,1.0000000000000002
448,1962,R62945,1.0000000000000002
449,1964,U05040,1.0000000000000002
450,1978,H20856,1.0000000000000002
451,1980,H62854,1.0000000000000002
452,1985,D14689,1.0000000000000002
453,1995,M33210,1.0000000000000002
454,1996,H18490,1.0000000000000002
455,1890,H29546,1.0000000000000002
456,1882,R44057,1.0000000000000002
457,1787,H62177,1.0000000000000002
458,1841,M87434,1.0000000000000002
459,1798,R41873,1.0000000000000002
460,1802,R73606,1.0000000000000002
461,1803,U18299,1.0000000000000002
462,1804,H82741,1.0000000000000002
463,1805,D26018,1.0000000000000002
464,1806,T55558_,1.0000000000000002
465,1815,R77794,1.0000000000000002
466,1817,H40699,1.0000000000000002
467,1819,L07032,1.0000000000000002
468,1824,T90668,1.0000000000000002
469,1830,L26050,1.0000000000000002
470,1833,U10868,1.0000000000000002
471,1840,R41561,1.0000000000000002
472,1842,H06524,1.0000000000000002
473,1879,R09502,1.0000000000000002
474,1843,R22953,1.0000000000000002
475,1847,H41528,1.0000000000000002
476,1848,V00520,1.0000000000000002
477,1850,X83299,1.0000000000000002
478,1852,M64673,1.0000000000000002
479,1856,U37690_,1.0000000000000002
480,1864,R67072,1.0000000000000002
481,1865,T67173,1.0000000000000002
482,1866,U32519,1.0000000000000002
483,1867,R71092,1.0000000000000002
484,1868,D26535,1.0000000000000002
485,1875,K03192_,1.0000000000000002
486,1876,U33849,1.0000000000000002
487,1596,T47383,1.0000000000000002
488,1594,H28111,1.0000000000000002
489,1592,U25165,1.0000000000000002
490,1320,X02761,1.0000000000000002
491,1276,X75535,1.0000000000000002
492,618,H89087,1.0000000000000002
493,1283,J04474,1.0000000000000002
494,1286,R67027,1.0000000000000002
495,1288,R62459,1.0000000000000002
496,1290,L06175,1.0000000000000002
497,1292,H23544,1.0000000000000002
498,1301,M62762,1.0000000000000002
499,1303,H73908,1.0000000000000002
500,1305,D17400,1.0000000000000002
501,1308,M65209,1.0000000000000002
502,1312,T84481,1.0000000000000002
503,1319,T47025,1.0000000000000002
504,1322,R43766,1.0000000000000002
505,1265,Z17240,1.0000000000000002
506,1324,T47377,1.0000000000000002
507,1326,T84082,1.0000000000000002
508,1327,R39209,1.0000000000000002
509,1331,L25616,1.0000000000000002
510,1332,X58521,1.0000000000000002
511,1336,H05978,1.0000000000000002
512,1342,X79981,1.0000000000000002
513,1346,X02157,1.0000000000000002
514,1357,U02081,1.0000000000000002
515,1358,U26648,1.0000000000000002
516,1363,X82634,1.0000000000000002
517,1375,H51524,1.0000000000000002
518,1380,R39209_,1.0000000000000002
519,1266,M28697,1.0000000000000002
520,1262,T40454,1.0000000000000002
521,1388,M32313,1.0000000000000002
522,1215,R61324,1.0000000000000002
523,1168,H71122,1.0000000000000002
524,1173,R60906,1.0000000000000002
525,1175,T60437,1.0000000000000002
526,1176,U07802,1.0000000000000002
527,1177,J03143,1.0000000000000002
528,1179,T90851,1.0000000000000002
529,1185,H40269,1.0000000000000002
530,1186,M37583,1.0000000000000002
531,1191,U35116,1.0000000000000002
532,1192,T65792,1.0000000000000002
533,1194,H04802,1.0000000000000002
534,1202,M31776,1.0000000000000002
535,1209,R55310,1.0000000000000002
536,1219,T83361,1.0000000000000002
537,1260,J03490,1.0000000000000002
538,1221,U20582,1.0000000000000002
539,1229,X69910,1.0000000000000002
540,1233,R19361,1.0000000000000002
541,1235,U03090,1.0000000000000002
542,1236,T79473,1.0000000000000002
543,1238,L37112,1.0000000000000002
544,1241,D26600,1.0000000000000002
545,1243,X53461,1.0000000000000002
546,1244,H81802,1.0000000000000002
547,1247,D43950,1.0000000000000002
548,1248,M59371,1.0000000000000002
549,1254,T71574,1.0000000000000002
550,1258,R46739,1.0000000000000002
551,1382,H02540,1.0000000000000002
552,1389,M77698,1.0000000000000002
553,1591,T58645,1.0000000000000002
554,1547,T40578,1.0000000000000002
555,1501,R46362,1.0000000000000002
556,1506,U27337,1.0000000000000002
557,1509,X74262,1.0000000000000002
558,1510,Z25521,1.0000000000000002
559,1511,H18451,1.0000000000000002
560,1528,T66960,1.0000000000000002
561,1531,M22538,1.0000000000000002
562,1532,H63361,1.0000000000000002
563,1535,T67406,1.0000000000000002
564,1539,L19760,1.0000000000000002
565,1541,X53179,1.0000000000000002
566,1542,U27328,1.0000000000000002
567,1546,R71875,1.0000000000000002
568,1548,H11084,1.0000000000000002
569,1493,X86693,1.0000000000000002
570,1552,H08637,1.0000000000000002
571,1554,L38929,1.0000000000000002
572,1558,M28373,1.0000000000000002
573,1567,D14695,1.0000000000000002
574,1568,D14663,1.0000000000000002
575,1570,X58401,1.0000000000000002
576,1573,L21993,1.0000000000000002
577,1577,T78624,1.0000000000000002
578,1581,X63629,1.0000000000000002
579,1584,D13639,1.0000000000000002
580,1586,H62531,1.0000000000000002
581,1587,R60591,1.0000000000000002
582,1590,L14076,1.0000000000000002
583,1495,R35665,1.0000000000000002
584,1491,T47778,1.0000000000000002
585,1390,U18422,1.0000000000000002
586,1441,M34175__,1.0000000000000002
587,1395,H42127,1.0000000000000002
588,1396,R39599,1.0000000000000002
589,1398,Z26317,1.0000000000000002
590,1401,M38690,1.0000000000000002
591,1402,Z29505,1.0000000000000002
592,1406,X86809,1.0000000000000002
593,1414,X12548,1.0000000000000002
594,1422,J02854,1.0000000000000002
595,1426,H56077,1.0000000000000002
596,1433,R85479,1.0000000000000002
597,1437,D26069,1.0000000000000002
598,1438,H69695,1.0000000000000002
599,1440,X07948,1.0000000000000002
600,1442,T50500,1.0000000000000002
601,1487,M59819,1.0000000000000002
602,1449,J04977,1.0000000000000002
603,1453,M29550,1.0000000000000002
604,1455,Z15115,1.0000000000000002
605,1458,T40637,1.0000000000000002
606,1459,H82100,1.0000000000000002
607,1461,R51644,1.0000000000000002
608,1463,M18216,1.0000000000000002
609,1464,L32977,1.0000000000000002
610,1469,L33930,1.0000000000000002
611,1470,D10522_,1.0000000000000002
612,1472,R54097,1.0000000000000002
613,1478,X57019,1.0000000000000002
614,1479,M64231,1.0000000000000002
615,1279,X16354,1.0000000000000002
616,1999,T49647,1.0000000000000002
617,294,X15183,1.0000000000000002
618,271,X05196,1.0000000000000002
619,277,R83904,1.0000000000000002
620,275,T53694,1.0000000000000002
621,496,L08187,1.0000000000000002
622,497,U20158,1.0000000000000002
623,273,X82456,1.0000000000000002
624,84,T68848,1.0000000000000002
625,270,D14520,1.0000000000000002
626,28,R02593_,1.0000000000000002
627,267,T62633,1.0000000000000002
628,27,T63484,1.0000000000000002
629,86,M94345,1.0000000000000002
630,26,H86060,1.0000000000000002
631,263,M26252,1.0000000000000002
632,89,U09873,1.0000000000000002
633,83,T56674,1.0000000000000002
634,492,R87126,1.0000000000000002
635,509,D90188,1.0000000000000002
636,481,D00761,1.0000000000000002
637,471,R53036,1.0000000000000002
638,75,H13281,1.0000000000000002
639,474,H39654,1.0000000000000002
640,298,T55248,1.0000000000000002
641,616,H67764,1.0000000000000002
642,480,H56686,1.0000000000000002
643,482,H23975,1.0000000000000002
644,279,J05272,1.0000000000000002
645,290,T49838,1.0000000000000002
646,289,R52271,1.0000000000000002
647,287,T48102,1.0000000000000002
648,285,H64489,1.0000000000000002
649,284,T99498,1.0000000000000002
650,488,X72727,1.0000000000000002
651,257,M16937,1.0000000000000002
652,510,H09599,1.0000000000000002
653,304,Z11584,1.0000000000000002
654,97,H13194,1.0000000000000002
655,236,T50334_,1.0000000000000002
656,530,M24470,1.0000000000000002
657,531,H29170,1.0000000000000002
658,229,H20505,1.0000000000000002
659,96,H85596,1.0000000000000002
660,534,R59097,1.0000000000000002
661,538,H65182,1.0000000000000002
662,239,T40507,1.0000000000000002
663,540,X78706,1.0000000000000002
664,14,U14971,1.0000000000000002
665,543,R27813,1.0000000000000002
666,220,X53743,1.0000000000000002
667,544,R01221,1.0000000000000002
668,218,X75861,1.0000000000000002
669,16,L28809,1.0000000000000002
670,93,M11354,1.0000000000000002
671,255,X69878,1.0000000000000002
672,19,T49423,1.0000000000000002
673,23,T59954,1.0000000000000002
674,514,T56604,1.0000000000000002
675,515,M59807,1.0000000000000002
676,91,H64398,1.0000000000000002
677,22,R22197,1.0000000000000002
678,250,U37012,1.0000000000000002
679,517,M23410,1.0000000000000002
680,524,U20659,1.0000000000000002
681,249,U20982,1.0000000000000002
682,518,M60484,1.0000000000000002
683,519,T95048,1.0000000000000002
684,521,T88902,1.0000000000000002
685,243,T70063,1.0000000000000002
686,242,R82938,1.0000000000000002
687,469,R59902,1.0000000000000002
688,306,Z11692,1.0000000000000002
689,215,L26339,1.0000000000000002
690,63,M14630,1.0000000000000002
691,418,R44418,1.0000000000000002
692,370,H69869,1.0000000000000002
693,427,U27143,1.0000000000000002
694,365,X04500,1.0000000000000002
695,362,T96942,1.0000000000000002
696,428,T72403,1.0000000000000002
697,359,L09604,1.0000000000000002
698,373,T70197,1.0000000000000002
699,358,M83751,1.0000000000000002
700,45,T61602,1.0000000000000002
701,44,R36455,1.0000000000000002
702,43,T88723,1.0000000000000002
703,64,T63499,1.0000000000000002
704,431,J02902,1.0000000000000002
705,371,R42374,1.0000000000000002
706,374,R49169,1.0000000000000002
707,354,M30474,1.0000000000000002
708,406,H47646,1.0000000000000002
709,398,U30825,1.0000000000000002
710,399,R70016,1.0000000000000002
711,401,R56070,1.0000000000000002
712,402,M21339,1.0000000000000002
713,404,R38636,1.0000000000000002
714,394,R80966,1.0000000000000002
715,392,R51749,1.0000000000000002
716,383,T56940,1.0000000000000002
717,54,H24754,1.0000000000000002
718,391,R54317,1.0000000000000002
719,57,T51560,1.0000000000000002
720,387,L20492,1.0000000000000002
721,385,T54341,1.0000000000000002
722,384,D13634,1.0000000000000002
723,355,H22579,1.0000000000000002
724,353,R70030,1.0000000000000002
725,308,T70331,1.0000000000000002
726,455,J03544,1.0000000000000002
727,449,H05070,1.0000000000000002
728,324,Z46389,1.0000000000000002
729,323,R85616,1.0000000000000002
730,453,H02630,1.0000000000000002
731,38,control1,1.0000000000000002
732,37,T63258,1.0000000000000002
733,456,H22939,1.0000000000000002
734,331,T72582,1.0000000000000002
735,459,X03068,1.0000000000000002
736,72,H43908,1.0000000000000002
737,317,T65580,1.0000000000000002
738,315,U26401,1.0000000000000002
739,313,D14696,1.0000000000000002
740,310,H82820,1.0000000000000002
741,448,R61359,1.0000000000000002
742,39,control2,1.0000000000000002
743,65,T71025,1.0000000000000002
744,346,T52642,1.0000000000000002
745,351,M61858,1.0000000000000002
746,349,D26129,1.0000000000000002
747,348,X03674,1.0000000000000002
748,41,control,1.0000000000000002
749,66,T51534,1.0000000000000002
750,347,U05681,1.0000000000000002
751,342,Y00345,1.0000000000000002
752,333,H65823,1.0000000000000002
753,442,M96326,1.0000000000000002
754,40,control3,1.0000000000000002
755,68,H68220,1.0000000000000002
756,443,T59878,1.0000000000000002
757,69,T61661_,1.0000000000000002
758,334,R54837,1.0000000000000002
759,545,R49565,1.0000000000000002
760,56,T93094,1.0000000000000002
761,581,H51015,1.0000000000000002
762,195,R43309,1.0000000000000002
763,178,D13705,1.0000000000000002
764,590,H27921,1.0000000000000002
765,108,T56934,1.0000000000000002
766,175,R24425,1.0000000000000002
767,199,T61338,1.0000000000000002
768,174,T94579,1.0000000000000002
769,588,D31883_,1.0000000000000002
770,564,M64098,1.0000000000000002
771,578,J04794,1.0000000000000002
772,205,L16510,1.0000000000000002
773,12,X63432,1.0000000000000002
774,206,R21547,1.0000000000000002
775,173,R07333,1.0000000000000002
776,144,H48072,1.0000000000000002
777,602,R54818,1.0000000000000002
778,561,T51499,1.0000000000000002
779,104,T72879,1.0000000000000002
780,126,T51529,1.0000000000000002
781,5,R02593,1.0000000000000002
782,143,X69723,1.0000000000000002
783,592,R72374,1.0000000000000002
784,159,H43908__,1.0000000000000002
785,109,T61446,1.0000000000000002
786,9,T55131,1.0000000000000002
787,184,T55558,1.0000000000000002
788,185,L38810,1.0000000000000002
789,574,T50077,1.0000000000000002
790,158,H88360,1.0000000000000002
791,157,R37276,1.0000000000000002
792,187,T63133,1.0000000000000002
793,110,R78934,1.0000000000000002
794,150,M86553,1.0000000000000002
795,597,R70939,1.0000000000000002
796,568,H45526_,1.0000000000000002
797,121,R06716,1.0000000000000002
798,566,X65488,1.0000000000000002
799,593,T89422,1.0000000000000002
800,598,T53412,1.0000000000000002
801,557,R10707,1.0000000000000002
802,203,T76972,1.0000000000000002
803,586,M80461,1.0000000000000002
804,548,T49732,1.0000000000000002
805,167,H06970,1.0000000000000002
806,610,L06895,1.0000000000000002
807,3,R85482,1.0000000000000002
808,4,U14973,1.0000000000000002
809,136,D25217,1.0000000000000002
810,171,D12765,1.0000000000000002
811,102,T62878,1.0000000000000002
812,112,M86842,1.0000000000000002
813,605,R83354,1.0000000000000002
814,210,T47424,1.0000000000000002
815,142,R28373,1.0000000000000002
816,612,R10620,1.0000000000000002
817,583,M31627,1.0000000000000002
818,101,T57633,1.0000000000000002
819,555,R09400,1.0000000000000002
820,115,V00523,1.0000000000000002
821,169,Z48950,1.0000000000000002
822,207,D30655,1.0000000000000002
823,552,J05158,1.0000000000000002
824,209,X02152,1.0000000000000002
825,117,T72889,1.0000000000000002
826,130,U27699,1.0000000000000002
827,584,M63509,1.0000000000000002
828,116,X79066,1.0000000000000002
829,71,H55758,1.0
830,1835,U14631,1.0
831,320,T48386,1.0
832,1197,R36973,1.0
833,1196,T71001,1.0
834,1195,D13315_,1.0
835,1818,T71049,1.0
836,1253,X54232,1.0
837,341,H26101,1.0
838,1720,H28050,1.0
839,67,T69026,1.0
840,1632,H66786,1.0
841,1201,M55268,1.0
842,1839,D38537,1.0
843,1257,R67358,1.0
844,1631,M34668,1.0
845,1212,M93651,1.0
846,1206,R39144,1.0
847,1207,H72965,1.0
848,327,H40705,1.0
849,1242,X75304_,1.0
850,1620,R28608,1.0
851,164,M14200,1.0
852,118,T72175,1.0
853,1234,U29175,1.0
854,330,X62153,1.0
855,1614,R42765,1.0
856,322,U28963,1.0
857,1621,T86444,1.0
858,1624,R05291,1.0
859,332,M16447,1.0
860,161,T90774,1.0
861,1217,R56443,1.0
862,114,X67325,1.0
863,1829,M83664,1.0
864,1627,M32315,1.0
865,1820,H40013,1.0
866,1822,H20289,1.0
867,1630,X63469,1.0
868,1210,T92259,1.0
869,338,M93010,1.0
870,1245,X52151,1.0
871,1187,T57535,1.0
872,1169,X17644,1.0
873,1634,M36634,1.0
874,60,R74349,1.0
875,1144,L27476,1.0
876,1668,U34074,1.0
877,1141,X72889,1.0
878,1851,X12892,1.0
879,58,U12255,1.0
880,1670,M26383,1.0
881,1132,H47650,1.0
882,379,M98045,1.0
883,381,Z15114,1.0
884,1121,M22488,1.0
885,1695,R35885,1.0
886,1673,T67077,1.0
887,1116,X17273,1.0
888,1114,R97912,1.0
889,1109,L08069,1.0
890,1694,R89823,1.0
891,139,H46728,1.0
892,1103,Z18538,1.0
893,1102,T56460,1.0
894,393,M99564,1.0
895,1096,X14830,1.0
896,1860,H72850,1.0
897,1090,M65105,1.0
898,138,T65003,1.0
899,1085,R39531,1.0
900,1685,L47162,1.0
901,1861,X60708,1.0
902,1082,L26494,1.0
903,133,H87366,1.0
904,1849,M22760,1.0
905,1147,R47976,1.0
906,1710,D21094,1.0
907,1148,T52624,1.0
908,1183,M18930,1.0
909,350,X55019,1.0
910,1178,U20285,1.0
911,1709,X06272,1.0
912,1646,R51502,1.0
913,1706,U22897,1.0
914,1174,H29895,1.0
915,1171,U18242,1.0
916,1170,U23852,1.0
917,316,M19045,1.0
918,122,M28214,1.0
919,1700,H62466,1.0
920,1659,H14372,1.0
921,1660,M27826,1.0
922,357,T72503,1.0
923,1661,H08751,1.0
924,124,U12255_,1.0
925,360,T50511,1.0
926,1844,L06111,1.0
927,125,T74257,1.0
928,1846,X77130,1.0
929,364,X14958,1.0
930,1667,M82919,1.0
931,62,H77302,1.0
932,1155,L41142,1.0
933,366,H05966,1.0
934,1152,R84411,1.0
935,1150,X71490,1.0
936,1149,X78549,1.0
937,1259,X89986,1.0
938,212,T50334,1.0
939,1261,J03239,1.0
940,1435,D10523,1.0
941,1551,U11037,1.0
942,1430,L19067,1.0
943,253,H80975,1.0
944,1432,X17042__,1.0
945,1550,U20141,1.0
946,107,R91062,1.0
947,92,T87873,1.0
948,1454,R89067,1.0
949,106,T63370,1.0
950,1736,T86281,1.0
951,1439,M35878,1.0
952,1762,X73902,1.0
953,246,T79813,1.0
954,1448,R38758,1.0
955,1767,U05875,1.0
956,1768,H01418,1.0
957,196,X83535,1.0
958,1421,R49542,1.0
959,1553,H11940,1.0
960,1416,L20859,1.0
961,1415,M28882,1.0
962,194,R50864,1.0
963,1412,R11485,1.0
964,193,Z22572,1.0
965,258,X54163,1.0
966,87,R50158,1.0
967,259,control8,1.0
968,260,control9,1.0
969,261,control10,1.0
970,1397,R56399,1.0
971,1862,X89985,1.0
972,244,M76378,1.0
973,240,M36981,1.0
974,1560,K03192,1.0
975,1519,R80855,1.0
976,224,T70595,1.0
977,1488,U10324,1.0
978,1752,H14607,1.0
979,1494,Z14978,1.0
980,1522,X02228,1.0
981,1497,X80507,1.0
982,1749,T54303,1.0
983,1536,Y00971,1.0
984,1517,R43936,1.0
985,100,T89730,1.0
986,1507,X79353,1.0
987,1515,H68239,1.0
988,1514,M81637,1.0
989,214,R28281,1.0
990,1523,T47719,1.0
991,1486,L25941,1.0
992,225,M22806,1.0
993,1524,X62025,1.0
994,1742,X17025,1.0
995,1483,X57348,1.0
996,103,M57710,1.0
997,227,J03040,1.0
998,1480,H69834,1.0
999,228,T74556,1.0
1000,230,X17042_,1.0
1001,1474,R80400,1.0
1002,231,D31883,1.0
1003,1755,J00073,1.0
1004,208,T61632,1.0
1005,238,H48027,1.0
1006,1457,H04654,1.0
1007,191,M27539,1.0
1008,1393,H70635,1.0
1009,314,X63187,1.0
1010,1313,H20512,1.0
1011,1298,R71251_,1.0
1012,1300,H04333,1.0
1013,1801,T40674,1.0
1014,79,M24398,1.0
1015,1309,R87747,1.0
1016,1797,X68314,1.0
1017,1315,H54091,1.0
1018,1323,X70040,1.0
1019,177,T54650,1.0
1020,1316,T95046,1.0
1021,1317,R32804,1.0
1022,1318,X65873,1.0
1023,179,T57872,1.0
1024,1321,M20867,1.0
1025,172,M19311,1.0
1026,1297,D13630,1.0
1027,78,T47645,1.0
1028,1295,X82166,1.0
1029,213,L09159,1.0
1030,1723,H16991,1.0
1031,1808,H24310_,1.0
1032,1284,X12496,1.0
1033,1597,H64576,1.0
1034,1280,X68194,1.0
1035,1722,Z13009,1.0
1036,1811,X93510,1.0
1037,1277,D63876,1.0
1038,1603,D16227,1.0
1039,1274,L10386,1.0
1040,1812,H02031,1.0
1041,311,M86752,1.0
1042,288,R95874,1.0
1043,1585,L14848,1.0
1044,1392,H77536,1.0
1045,1377,T98835,1.0
1046,1352,M31303,1.0
1047,1354,T85165,1.0
1048,1356,T84051,1.0
1049,1371,X75208,1.0
1050,1373,H25940,1.0
1051,1730,L38932,1.0
1052,1779,R42095,1.0
1053,1325,M94203,1.0
1054,1379,M92287,1.0
1055,1563,R94513,1.0
1056,1384,H75867,1.0
1057,1731,J03569,1.0
1058,266,M76378_,1.0
1059,1776,R89377,1.0
1060,1349,R70479,1.0
1061,1348,M28827,1.0
1062,1572,D29641,1.0
1063,1344,H55759,1.0
1064,1343,L26405_,1.0
1065,183,M77693,1.0
1066,1574,T58731,1.0
1067,1789,U10362,1.0
1068,81,M31013,1.0
1069,281,T46888,1.0
1070,1333,H72234,1.0
1071,1791,M85169,1.0
1072,181,T57686,1.0
1073,80,H43908_,1.0
1074,1329,T52905,1.0
1075,1725,H65425,1.0
1076,180,D14662,1.0
1077,262,control11,1.0
1078,131,R49974_,1.0
1079,857,H15069,1.0
1080,1968,L12350,1.0
1081,703,U07695_,1.0
1082,969,T62191,1.0
1083,533,R42070,1.0
1084,704,T83673,1.0
1085,787,X02492,1.0
1086,871,D31887,1.0
1087,786,M83667,1.0
1088,872,T62568,1.0
1089,1965,U33429,1.0
1090,535,M90684,1.0
1091,537,R37428,1.0
1092,1963,X70070,1.0
1093,780,L20422,1.0
1094,962,T51288,1.0
1095,714,H81864,1.0
1096,494,H20426,1.0
1097,778,H24030,1.0
1098,1915,T41204,1.0
1099,452,H61410,1.0
1100,1895,M76558,1.0
1101,716,Z15009,1.0
1102,702,M34192,1.0
1103,789,H26419,1.0
1104,949,R42244,1.0
1105,971,H08156,1.0
1106,680,T81919,1.0
1107,527,R20804,1.0
1108,1887,H02611,1.0
1109,992,X15880,1.0
1110,991,X12466,1.0
1111,439,M94556,1.0
1112,682,H08749,1.0
1113,683,R80612,1.0
1114,989,D38549,1.0
1115,1976,T49204,1.0
1116,983,R14852,1.0
1117,981,X82103,1.0
1118,793,R23889,1.0
1119,582,H59599,1.0
1120,792,X74874,1.0
1121,1889,M19156,1.0
1122,977,J04026,1.0
1123,1945,L38951,1.0
1124,1891,U25138,1.0
1125,973,U00968,1.0
1126,698,R92729_,1.0
1127,15,T52342,1.0
1128,457,K03001,1.0
1129,1,R39465,1.0
1130,927,T93284,1.0
1131,1953,M35531,1.0
1132,468,T88712,1.0
1133,924,D14658,1.0
1134,1952,M80359,1.0
1135,923,U09848,1.0
1136,1911,R16156,1.0
1137,750,M62831,1.0
1138,13,H20709,1.0
1139,1905,R90908,1.0
1140,1906,U12134,1.0
1141,900,T83644,1.0
1142,901,R00544,1.0
1143,32,T51574,1.0
1144,903,M64929,1.0
1145,476,R53769,1.0
1146,755,T65438,1.0
1147,756,T79595,1.0
1148,910,K02566__,1.0
1149,760,R27017,1.0
1150,479,M57567,1.0
1151,31,T62220,1.0
1152,485,U04343,1.0
1153,466,H40560,1.0
1154,491,T97199,1.0
1155,929,J04046,1.0
1156,882,H04235,1.0
1157,490,H44011,1.0
1158,1957,D37931,1.0
1159,725,M22490,1.0
1160,775,H87465,1.0
1161,885,R91051,1.0
1162,1903,X54941,1.0
1163,731,R67343,1.0
1164,462,M12959,1.0
1165,937,R54401,1.0
1166,733,X66839,1.0
1167,886,R26146,1.0
1168,935,T54364,1.0
1169,888,H15069_,1.0
1170,542,K02566_,1.0
1171,889,M95627,1.0
1172,563,M28128,1.0
1173,562,U07664,1.0
1174,464,L33075,1.0
1175,1954,R35903,1.0
1176,930,M12272,1.0
1177,1920,M20543,1.0
1178,1949,M14603,1.0
1179,1001,R08183,1.0
1180,646,X02744,1.0
1181,1869,H55916,1.0
1182,810,R46502,1.0
1183,843,M63959,1.0
1184,413,U04241,1.0
1185,1049,M69043,1.0
1186,1928,H20503,1.0
1187,653,D30755,1.0
1188,1047,X01060,1.0
1189,678,X70944,1.0
1190,1926,U36621,1.0
1191,522,M96839,1.0
1192,1942,D29808,1.0
1193,851,T54360,1.0
1194,1982,D38551,1.0
1195,1044,M80613,1.0
1196,505,R98189,1.0
1197,1871,X69295,1.0
1198,417,M63167,1.0
1199,504,R53941,1.0
1200,503,X55362,1.0
1201,420,H49587,1.0
1202,647,U02493,1.0
1203,644,H42477,1.0
1204,1873,L13385,1.0
1205,20,H79852,1.0
1206,1863,T91121,1.0
1207,1998,R77780,1.0
1208,622,H11324,1.0
1209,403,T81492,1.0
1210,831,R81330,1.0
1211,511,H82631,1.0
1212,405,R00282,1.0
1213,1930,M81695,1.0
1214,827,M80469,1.0
1215,516,U30827,1.0
1216,408,R50736,1.0
1217,409,T61627,1.0
1218,606,H45526__,1.0
1219,632,H87344,1.0
1220,1990,X67699,1.0
1221,1988,R76825,1.0
1222,1061,Y00097,1.0
1223,637,U03865,1.0
1224,638,H17434,1.0
1225,1986,M67454,1.0
1226,600,D16431,1.0
1227,1922,R42029,1.0
1228,654,R53612,1.0
1229,1037,X61587,1.0
1230,1883,R44301,1.0
1231,501,H23135,1.0
1232,1036,H56470,1.0
1233,1011,L10413,1.0
1234,47,U21909,1.0
1235,1022,T67897,1.0
1236,1921,R20666,1.0
1237,523,H11650,1.0
1238,591,Y00414,1.0
1239,861,H21532,1.0
1240,677,X51345,1.0
1241,1004,H89477,1.0
1242,1027,L10717,1.0
1243,585,H17897,1.0
1244,1874,H49515,1.0
1245,662,Z17227,1.0
1246,423,D21260,1.0
1247,659,D16111,1.0
1248,1033,R44072,1.0
1249,1031,R20554,1.0
1250,807,T49637,1.0
1251,594,T71643,1.0
1252,1016,M86868,1.0
1253,426,L10284,1.0
1254,1028,X63071,1.0
1255,1427,R41673,0.9999999999999999
1256,1948,Y00796,0.9999999999999999
1257,1467,X85786,0.9999999999999999
1258,763,X05276,0.9999999999999999
1259,1466,U27699_,0.9999999999999999
1260,767,X66141,0.9999999999999999
1261,1512,D28124,0.9999999999999999
1262,235,R62425,0.9999999999999999
1263,17,T63508,0.9999999999999999
1264,526,U31215,0.9999999999999999
1265,799,R54422,0.9999999999999999
1266,1505,H05814,0.9999999999999999
1267,801,X70326,0.9999999999999999
1268,1756,H16096,0.9999999999999999
1269,21,J02763,0.9999999999999999
1270,216,H15901,0.9999999999999999
1271,1434,R99200,0.9999999999999999
1272,766,U07695__,0.9999999999999999
1273,546,M37984_,0.9999999999999999
1274,1508,M77829,0.9999999999999999
1275,1932,T77537,0.9999999999999999
1276,1462,H15662,0.9999999999999999
1277,254,H82746,0.9999999999999999
1278,1460,L34840,0.9999999999999999
1279,771,M81758,0.9999999999999999
1280,232,M62994,0.9999999999999999
1281,221,L22214,0.9999999999999999
1282,539,D00265,0.9999999999999999
1283,777,X69550,0.9999999999999999
1284,790,J04621,0.9999999999999999
1285,1447,H89481,0.9999999999999999
1286,1477,R45529,0.9999999999999999
1287,1451,H23098,0.9999999999999999
1288,1751,X15149,0.9999999999999999
1289,223,T51852,0.9999999999999999
1290,245,K01144,0.9999999999999999
1291,1445,M87772,0.9999999999999999
1292,1761,H24956,0.9999999999999999
1293,1492,M23115,0.9999999999999999
1294,1476,T54767,0.9999999999999999
1295,1496,R00254,0.9999999999999999
1296,769,L20688,0.9999999999999999
1297,1760,T94350,0.9999999999999999
1298,1443,D26067,0.9999999999999999
1299,805,X15882,0.9999999999999999
1300,247,R16255,0.9999999999999999
1301,520,H07899,0.9999999999999999
1302,1473,L26050_,0.9999999999999999
1303,804,M16029,0.9999999999999999
1304,815,X93499,0.9999999999999999
1305,18,H09263,0.9999999999999999
1306,1499,M14539,0.9999999999999999
1307,770,L00352,0.9999999999999999
1308,528,T57483,0.9999999999999999
1309,820,H40416,0.9999999999999999
1310,1465,D00860,0.9999999999999999
1311,723,M34175,0.9999999999999999
1312,759,M36341,0.9999999999999999
1313,6,T51496,0.9999999999999999
1314,1639,X67235,0.9999999999999999
1315,657,R99591,0.9999999999999999
1316,658,M91670,0.9999999999999999
1317,1636,R52081,0.9999999999999999
1318,1981,T89666,0.9999999999999999
1319,663,H43663,0.9999999999999999
1320,1629,L37936,0.9999999999999999
1321,1628,T93885,0.9999999999999999
1322,667,U13896,0.9999999999999999
1323,1626,L27841,0.9999999999999999
1324,668,U39360,0.9999999999999999
1325,1622,T94993,0.9999999999999999
1326,1708,H90764,0.9999999999999999
1327,1979,R98410,0.9999999999999999
1328,1618,H15552,0.9999999999999999
1329,679,T52003,0.9999999999999999
1330,1612,R67275,0.9999999999999999
1331,166,T57780,0.9999999999999999
1332,1610,H92195,0.9999999999999999
1333,681,T51849,0.9999999999999999
1334,113,T93589,0.9999999999999999
1335,1604,M88108,0.9999999999999999
1336,1975,K03474,0.9999999999999999
1337,1602,R09138,0.9999999999999999
1338,655,Z25821,0.9999999999999999
1339,156,X87838,0.9999999999999999
1340,1950,X73882,0.9999999999999999
1341,599,R73660,0.9999999999999999
1342,614,R94588,0.9999999999999999
1343,1684,U19261,0.9999999999999999
1344,135,T62856,0.9999999999999999
1345,1692,U19252,0.9999999999999999
1346,1681,M95178,0.9999999999999999
1347,623,T51250,0.9999999999999999
1348,128,H85878,0.9999999999999999
1349,1678,X53586,0.9999999999999999
1350,611,R52000,0.9999999999999999
1351,1993,T90549,0.9999999999999999
1352,1665,R34876,0.9999999999999999
1353,1663,H79136,0.9999999999999999
1354,1707,H47628,0.9999999999999999
1355,643,U09770,0.9999999999999999
1356,123,V00522,0.9999999999999999
1357,648,R54854,0.9999999999999999
1358,1984,M63239,0.9999999999999999
1359,1703,U09412,0.9999999999999999
1360,1653,T62884,0.9999999999999999
1361,650,U29171,0.9999999999999999
1362,1651,L19437_,0.9999999999999999
1363,149,T53396_,0.9999999999999999
1364,652,T62864,0.9999999999999999
1365,153,J03077,0.9999999999999999
1366,687,M28650,0.9999999999999999
1367,1599,M90516,0.9999999999999999
1368,1598,L06132,0.9999999999999999
1369,742,T59354,0.9999999999999999
1370,726,H83703,0.9999999999999999
1371,727,X07862,0.9999999999999999
1372,728,R72874,0.9999999999999999
1373,729,H45781,0.9999999999999999
1374,730,T47584,0.9999999999999999
1375,202,L12168,0.9999999999999999
1376,1737,Z15108,0.9999999999999999
1377,735,T78096,0.9999999999999999
1378,204,H28452,0.9999999999999999
1379,105,T53396,0.9999999999999999
1380,558,T48014,0.9999999999999999
1381,1534,M88468,0.9999999999999999
1382,688,X73358,0.9999999999999999
1383,1533,X74330,0.9999999999999999
1384,553,H24401,0.9999999999999999
1385,1529,X69392,0.9999999999999999
1386,749,M73481,0.9999999999999999
1387,1526,R44628,0.9999999999999999
1388,549,M94630,0.9999999999999999
1389,753,Y00281,0.9999999999999999
1390,754,X55005,0.9999999999999999
1391,1521,X74819,0.9999999999999999
1392,1743,H01482,0.9999999999999999
1393,1518,X69115,0.9999999999999999
1394,256,X61123,0.9999999999999999
1395,722,H65019,0.9999999999999999
1396,192,H45526,0.9999999999999999
1397,1559,R06601,0.9999999999999999
1398,1974,U14577,0.9999999999999999
1399,1970,U24105,0.9999999999999999
1400,1969,R06749,0.9999999999999999
1401,697,T51261,0.9999999999999999
1402,176,T49941,0.9999999999999999
1403,1724,M31679,0.9999999999999999
1404,699,U09413,0.9999999999999999
1405,700,U18920,0.9999999999999999
1406,1726,X60489,0.9999999999999999
1407,1579,T79831,0.9999999999999999
1408,1578,M31516,0.9999999999999999
1409,1576,H06189,0.9999999999999999
1410,1575,R12389,0.9999999999999999
1411,707,H17969,0.9999999999999999
1412,708,T67921,0.9999999999999999
1413,572,M21984,0.9999999999999999
1414,1961,R78142,0.9999999999999999
1415,570,R42501,0.9999999999999999
1416,189,D63874,0.9999999999999999
1417,1565,X07384,0.9999999999999999
1418,1564,H08351,0.9999999999999999
1419,1561,R49459,0.9999999999999999
1420,1959,D59253,0.9999999999999999
1421,1423,D31887_,0.9999999999999999
1422,1079,D16481,0.9999999999999999
1423,833,U29092,0.9999999999999999
1424,1200,X75304,0.9999999999999999
1425,335,H46732,0.9999999999999999
1426,1828,R36644,0.9999999999999999
1427,1892,L34657,0.9999999999999999
1428,336,R39681,0.9999999999999999
1429,444,U14588,0.9999999999999999
1430,1211,H51196,0.9999999999999999
1431,976,L40904,0.9999999999999999
1432,980,H09137,0.9999999999999999
1433,1205,M37721,0.9999999999999999
1434,339,T87527,0.9999999999999999
1435,1834,X80230,0.9999999999999999
1436,340,D13315,0.9999999999999999
1437,440,X83412,0.9999999999999999
1438,1222,Z29677,0.9999999999999999
1439,985,D78134,0.9999999999999999
1440,986,M10065,0.9999999999999999
1441,987,L08044,0.9999999999999999
1442,1888,H21042,0.9999999999999999
1443,1838,X07290,0.9999999999999999
1444,1190,R70253,0.9999999999999999
1445,345,R49231,0.9999999999999999
1446,1886,M58050,0.9999999999999999
1447,996,J03161_,0.9999999999999999
1448,1182,M69296,0.9999999999999999
1449,997,H16597,0.9999999999999999
1450,998,R60217,0.9999999999999999
1451,1220,R62549,0.9999999999999999
1452,1223,X12791,0.9999999999999999
1453,933,Y00815,0.9999999999999999
1454,946,R71401,0.9999999999999999
1455,463,R44770,0.9999999999999999
1456,939,H87473,0.9999999999999999
1457,941,L27670,0.9999999999999999
1458,1256,J02645,0.9999999999999999
1459,1816,L49218,0.9999999999999999
1460,942,M29277,0.9999999999999999
1461,1252,R86960,0.9999999999999999
1462,1251,T75577,0.9999999999999999
1463,1900,R53455,0.9999999999999999
1464,1420,R48303,0.9999999999999999
1465,319,M69238,0.9999999999999999
1466,35,H54676,0.9999999999999999
1467,36,R86975,0.9999999999999999
1468,968,H28373,0.9999999999999999
1469,955,X03484,0.9999999999999999
1470,1821,R49719,0.9999999999999999
1471,451,L42611,0.9999999999999999
1472,329,T59406,0.9999999999999999
1473,963,T86473,0.9999999999999999
1474,70,X57346,0.9999999999999999
1475,1231,D14661,0.9999999999999999
1476,965,D43949,0.9999999999999999
1477,1228,X00588,0.9999999999999999
1478,1826,T55871,0.9999999999999999
1479,1827,T56350,0.9999999999999999
1480,967,R46731,0.9999999999999999
1481,435,T78489,0.9999999999999999
1482,433,X13810,0.9999999999999999
1483,1006,D11086,0.9999999999999999
1484,1099,Z23064,0.9999999999999999
1485,386,H11095,0.9999999999999999
1486,1054,M99439,0.9999999999999999
1487,1112,M81635,0.9999999999999999
1488,1853,Y00661,0.9999999999999999
1489,1056,U31248,0.9999999999999999
1490,1855,X80692,0.9999999999999999
1491,389,R73052,0.9999999999999999
1492,410,X87159,0.9999999999999999
1493,1105,H92182,0.9999999999999999
1494,53,T52015,0.9999999999999999
1495,1060,T74272,0.9999999999999999
1496,1858,H06061,0.9999999999999999
1497,1062,D13641,0.9999999999999999
1498,432,T52343,0.9999999999999999
1499,1095,X78817,0.9999999999999999
1500,55,H22688,0.9999999999999999
1501,1093,R33481,0.9999999999999999
1502,1092,T92736,0.9999999999999999
1503,1091,T64974,0.9999999999999999
1504,1089,M98343,0.9999999999999999
1505,1068,X05610,0.9999999999999999
1506,1087,H48175,0.9999999999999999
1507,1086,T55117,0.9999999999999999
1508,400,L19956,0.9999999999999999
1509,1083,X54871,0.9999999999999999
1510,1074,H89092,0.9999999999999999
1511,411,U29656,0.9999999999999999
1512,1118,X59511,0.9999999999999999
1513,382,M32405,0.9999999999999999
1514,1123,U10117_,0.9999999999999999
1515,1008,X86018,0.9999999999999999
1516,1010,T60855,0.9999999999999999
1517,1015,T61941,0.9999999999999999
1518,1017,M14764,0.9999999999999999
1519,429,R60859,0.9999999999999999
1520,1877,L04953,0.9999999999999999
1521,1025,Z47087,0.9999999999999999
1522,1156,R39010,0.9999999999999999
1523,1689,U09646,0.9999999999999999
1524,1030,L06328,0.9999999999999999
1525,368,T70058,0.9999999999999999
1526,424,R51531,0.9999999999999999
1527,1142,M22349,0.9999999999999999
1528,59,R01182,0.9999999999999999
1529,372,T64983,0.9999999999999999
1530,416,R61332,0.9999999999999999
1531,375,X59871,0.9999999999999999
1532,1046,U09587,0.9999999999999999
1533,1131,L13689,0.9999999999999999
1534,376,Z50753,0.9999999999999999
1535,1129,H69819,0.9999999999999999
1536,1128,T55840,0.9999999999999999
1537,380,T65594,0.9999999999999999
1538,1125,M85038,0.9999999999999999
1539,415,H08678,0.9999999999999999
1540,312,R41827,0.9999999999999999
1541,1249,H09665,0.9999999999999999
1542,1268,L11373,0.9999999999999999
1543,1359,H09719,0.9999999999999999
1544,864,H61535,0.9999999999999999
1545,1372,T51139,0.9999999999999999
1546,865,X82494,0.9999999999999999
1547,1370,M83254,0.9999999999999999
1548,1369,H22579_,0.9999999999999999
1549,1368,H53092,0.9999999999999999
1550,1367,R60508,0.9999999999999999
1551,1366,R44052,0.9999999999999999
1552,1365,Z11502,0.9999999999999999
1553,866,M87503,0.9999999999999999
1554,1362,X89430,0.9999999999999999
1555,1784,T50797,0.9999999999999999
1556,495,R37464,0.9999999999999999
1557,1334,X83301,0.9999999999999999
1558,276,R54941,0.9999999999999999
1559,870,J03069,0.9999999999999999
1560,1355,R99916,0.9999999999999999
1561,1785,M22050,0.9999999999999999
1562,1269,L07592,0.9999999999999999
1563,1786,H66834,0.9999999999999999
1564,873,H79349,0.9999999999999999
1565,82,H05803,0.9999999999999999
1566,493,M37984,0.9999999999999999
1567,1341,R96909,0.9999999999999999
1568,1340,M74524,0.9999999999999999
1569,1337,L41067,0.9999999999999999
1570,1374,H42884,0.9999999999999999
1571,272,T69748,0.9999999999999999
1572,1918,J00146,0.9999999999999999
1573,859,R42994,0.9999999999999999
1574,1419,R78950,0.9999999999999999
1575,1418,M31606,0.9999999999999999
1576,1417,X66365,0.9999999999999999
1577,1931,L40380,0.9999999999999999
1578,838,T59162,0.9999999999999999
1579,1413,R64115,0.9999999999999999
1580,839,X66975,0.9999999999999999
1581,1411,X61118,0.9999999999999999
1582,1410,H77597,0.9999999999999999
1583,1408,R40446,0.9999999999999999
1584,507,H01677,0.9999999999999999
1585,1772,R75893_,0.9999999999999999
1586,1404,U04641,0.9999999999999999
1587,842,R37480,0.9999999999999999
1588,1400,D13243,0.9999999999999999
1589,1399,M59040,0.9999999999999999
1590,506,R53936,0.9999999999999999
1591,25,T95018,0.9999999999999999
1592,850,H05910,0.9999999999999999
1593,269,R92729,0.9999999999999999
1594,1387,M77477,0.9999999999999999
1595,1777,U20972,0.9999999999999999
1596,1385,L40992,0.9999999999999999
1597,1080,H02465,0.9999999999999999
1598,1381,H58397,0.9999999999999999
1599,1335,T89649,0.9999999999999999
1600,1351,M24069,0.9999999999999999
1601,477,M23114,0.9999999999999999
1602,906,M14016,0.9999999999999999
1603,907,H73758,0.9999999999999999
1604,1307,D14665,0.9999999999999999
1605,295,M86400,0.9999999999999999
1606,1799,U18062,0.9999999999999999
1607,1800,M85079,0.9999999999999999
1608,478,U20428,0.9999999999999999
1609,1299,T94885,0.9999999999999999
1610,1907,L25851,0.9999999999999999
1611,917,X16356,0.9999999999999999
1612,300,X61971,0.9999999999999999
1613,1807,U21090,0.9999999999999999
1614,302,Z14000,0.9999999999999999
1615,470,J04173,0.9999999999999999
1616,1809,M27190,0.9999999999999999
1617,305,J00231,0.9999999999999999
1618,307,X16135,0.9999999999999999
1619,1281,L25081,0.9999999999999999
1620,467,R50505,0.9999999999999999
1621,1275,H45977,0.9999999999999999
1622,465,X66503,0.9999999999999999
1623,1813,R55828,0.9999999999999999
1624,1271,M92843,0.9999999999999999
1625,1814,Z22936,0.9999999999999999
1626,1796,L13738,0.9999999999999999
1627,1153,M84349,0.9999999999999999
1628,484,X07979,0.9999999999999999
1629,891,U31525,0.9999999999999999
1630,895,H09149,0.9999999999999999
1631,486,L19267,0.9999999999999999
1632,291,Z22658,0.9999999999999999
1633,894,Z14244,0.9999999999999999
1634,483,T64941,0.9999999999999999
1635,1912,R74066,0.9999999999999999
1636,1328,L32163,0.9999999999999999
1637,1330,D10522,0.9999999999999999
1638,30,T61609,0.9999999999999999
1639,48,T61661,0.9999999999999998
1640,1971,T57468,0.9999999999999998
1641,1987,T64128,0.9999999999999998
1642,1916,M91463,0.9999999999999998
1643,1929,D28137,0.9999999999999998
1644,1747,U05291,0.9999999999999998
1645,1917,X77548,0.9999999999999998
1646,1810,U22431,0.9999999999999998
1647,1958,M15841,0.9999999999999998
1648,1859,L34059,0.9999999999999998
1649,34,T96832,0.9999999999999998
1650,1992,L11706,0.9999999999999998
1651,1769,U17899,0.9999999999999998
1652,1854,D38521,0.9999999999999998
1653,1936,H74178,0.9999999999999998
1654,98,D45887,0.9999999999999998
1655,1935,X85750,0.9999999999999998
1656,1765,M75126,0.9999999999999998
1657,29,M11799,0.9999999999999998
1658,33,T48041,0.9999999999999998
1659,73,H79575,0.9999999999999998
1660,1956,U25435,0.9999999999999998
1661,1746,M59371_,0.9999999999999998
1662,10,T72863,0.9999999999999998
1663,42,T57619,0.9999999999999998
1664,1925,M25809,0.9999999999999998
1665,1795,R77210,0.9999999999999998
1666,1782,X06700,0.9999999999999998
1667,1783,M37510,0.9999999999999998
1668,111,Z23115,0.9999999999999998
1669,94,R01124,0.9999999999999998
1670,1967,X04011,0.9999999999999998
1671,50,control5,0.9999999999999998
1672,1713,X79888,0.9999999999999998
1673,1758,H11460,0.9999999999999998
1674,7,H80240,0.9999999999999998
1675,1825,M55265,0.9999999999999998
1676,1836,R88749,0.9999999999999998
1677,1977,D00760,0.9999999999999998
1678,1832,R60168,0.9999999999999998
1679,1778,R50482,0.9999999999999998
1680,119,X17042,0.9999999999999998
1681,1894,R99907,0.9999999999999998
1682,1823,X57110,0.9999999999999998
1683,51,control6,0.9999999999999998
1684,76,R49974,0.9999999999999998
1685,1702,H29054,0.9999999999999998
1686,49,control4,0.9999999999999998
1687,52,control7,0.9999999999999998
1688,1721,H09273,0.9999999999999998
1689,617,Y00970,0.9999999999999998
1690,134,X86779,0.9999999999999998
1691,1293,U21049,0.9999999999999998
1692,301,R34701,0.9999999999999998
1693,303,X87342,0.9999999999999998
1694,822,X76228,0.9999999999999998
1695,512,M22382,0.9999999999999998
1696,832,H29483,0.9999999999999998
1697,1270,X81817,0.9999999999999998
1698,1263,H47107,0.9999999999999998
1699,1255,U22055,0.9999999999999998
1700,318,T47562,0.9999999999999998
1701,836,H11054,0.9999999999999998
1702,837,T63496,0.9999999999999998
1703,846,U07132,0.9999999999999998
1704,326,U37408,0.9999999999999998
1705,847,M38258,0.9999999999999998
1706,848,T54670,0.9999999999999998
1707,1227,U28049,0.9999999999999998
1708,1226,T96873,0.9999999999999998
1709,852,H15813,0.9999999999999998
1710,502,H17108,0.9999999999999998
1711,819,X79857,0.9999999999999998
1712,1294,X57974,0.9999999999999998
1713,1376,D15057,0.9999999999999998
1714,818,H08144,0.9999999999999998
1715,1361,M95549,0.9999999999999998
1716,758,X90858,0.9999999999999998
1717,547,T40645,0.9999999999999998
1718,774,R39130,0.9999999999999998
1719,278,K03460,0.9999999999999998
1720,1345,T62947,0.9999999999999998
1721,979,U06698,0.9999999999999998
1722,541,M13686,0.9999999999999998
1723,532,R42837,0.9999999999999998
1724,798,J03210,0.9999999999999998
1725,525,M95678,0.9999999999999998
1726,283,H38185,0.9999999999999998
1727,292,X57206,0.9999999999999998
1728,293,L26405,0.9999999999999998
1729,1310,M13450,0.9999999999999998
1730,1304,D78152,0.9999999999999998
1731,296,H03461,0.9999999999999998
1732,299,T91043,0.9999999999999998
1733,1296,H62828,0.9999999999999998
1734,1214,T47213,0.9999999999999998
1735,500,K02566,0.9999999999999998
1736,337,R41941,0.9999999999999998
1737,1203,R46740,0.9999999999999998
1738,407,H62245,0.9999999999999998
1739,461,R42291,0.9999999999999998
1740,1055,J03824,0.9999999999999998
1741,951,M96824,0.9999999999999998
1742,412,H25136,0.9999999999999998
1743,1043,L24038,0.9999999999999998
1744,419,R44895,0.9999999999999998
1745,425,D63878,0.9999999999999998
1746,1024,T74896,0.9999999999999998
1747,1023,R65697,0.9999999999999998
1748,954,T61090,0.9999999999999998
1749,430,L39874,0.9999999999999998
1750,1014,R21901,0.9999999999999998
1751,1013,R43914,0.9999999999999998
1752,1012,H88250,0.9999999999999998
1753,446,R43913,0.9999999999999998
1754,437,R60318,0.9999999999999998
1755,445,D00749,0.9999999999999998
1756,993,T51858,0.9999999999999998
1757,397,M23419,0.9999999999999998
1758,396,R44884,0.9999999999999998
1759,472,M74491,0.9999999999999998
1760,876,H85361,0.9999999999999998
1761,1199,H65355,0.9999999999999998
1762,1198,R40717,0.9999999999999998
1763,1193,D00762,0.9999999999999998
1764,498,D14043,0.9999999999999998
1765,1188,H24250,0.9999999999999998
1766,1184,H85528,0.9999999999999998
1767,874,T41207,0.9999999999999998
1768,356,T57780_,0.9999999999999998
1769,877,M87789,0.9999999999999998
1770,390,D31885,0.9999999999999998
1771,884,H27202,0.9999999999999998
1772,1157,T89175,0.9999999999999998
1773,1145,R76863,0.9999999999999998
1774,1140,X61587_,0.9999999999999998
1775,1139,T71612,0.9999999999999998
1776,1137,T56475,0.9999999999999998
1777,896,H43887,0.9999999999999998
1778,898,T41094,0.9999999999999998
1779,1364,M26683,0.9999999999999998
1780,1339,T98555,0.9999999999999998
1781,1549,X53799,0.9999999999999998
1782,595,R49964,0.9999999999999998
1783,168,R37276_,0.9999999999999998
1784,1606,Y00062,0.9999999999999998
1785,649,L11369,0.9999999999999998
1786,596,T99478,0.9999999999999998
1787,1595,X51435,0.9999999999999998
1788,1588,R71651,0.9999999999999998
1789,1583,M28219,0.9999999999999998
1790,1582,X13482,0.9999999999999998
1791,1571,M96859,0.9999999999999998
1792,211,H50623,0.9999999999999998
1793,186,T51023,0.9999999999999998
1794,190,R93738,0.9999999999999998
1795,551,J04182,0.9999999999999998
1796,587,T56011,0.9999999999999998
1797,675,M57298,0.9999999999999998
1798,201,X15822,0.9999999999999998
1799,1543,T71260,0.9999999999999998
1800,686,T69271,0.9999999999999998
1801,1608,L37792,0.9999999999999998
1802,165,T52342_,0.9999999999999998
1803,1616,U30872,0.9999999999999998
1804,1619,X73478,0.9999999999999998
1805,1682,T98274,0.9999999999999998
1806,613,T73092,0.9999999999999998
1807,1666,M35252,0.9999999999999998
1808,628,T60318,0.9999999999999998
1809,1662,X16663,0.9999999999999998
1810,1658,H87135,0.9999999999999998
1811,146,R34698,0.9999999999999998
1812,1656,R99935,0.9999999999999998
1813,1652,U37690,0.9999999999999998
1814,148,T95063,0.9999999999999998
1815,151,X00700,0.9999999999999998
1816,154,R98959,0.9999999999999998
1817,1641,L05485,0.9999999999999998
1818,1635,U09367,0.9999999999999998
1819,604,J03075,0.9999999999999998
1820,160,T57882,0.9999999999999998
1821,635,M85289,0.9999999999999998
1822,1537,R67987,0.9999999999999998
1823,988,T90280,0.9999999999999998
1824,713,U25265,0.9999999999999998
1825,1456,U30498,0.9999999999999998
1826,556,R83285,0.9999999999999998
1827,737,L01664,0.9999999999999998
1828,706,T89164,0.9999999999999998
1829,734,M24283,0.9999999999999998
1830,1468,R38736,0.9999999999999998
1831,234,T63591,0.9999999999999998
1832,711,T90036,0.9999999999999998
1833,576,U01691,0.9999999999999998
1834,1444,M13560,0.9999999999999998
1835,1409,R83923,0.9999999999999998
1836,569,D55673,0.9999999999999998
1837,567,R16077,0.9999999999999998
1838,1428,X54101,0.9999999999999998
1839,252,X66363,0.9999999999999998
1840,1394,H10925,0.9999999999999998
1841,1429,R09468,0.9999999999999998
1842,554,M33680,0.9999999999999998
1843,1391,T53360,0.9999999999999998
1844,1525,H05899,0.9999999999999998
1845,1490,R56630,0.9999999999999998
1846,222,Y00264,0.9999999999999998
1847,1500,H44044,0.9999999999999998
1848,1386,L05144,0.9999999999999998
1849,1502,R47961,0.9999999999999998
1850,219,X84707,0.9999999999999998
1851,1489,L00354,0.9999999999999998
1852,1520,U07139,0.9999999999999998
1853,1516,D21205,0.9999999999999998
1854,1383,H02258,0.9999999999999998
1855,975,H13281_,0.9999999999999997
1856,719,X65024,0.9999999999999997
1857,1989,U15212,0.9999999999999997
1858,631,U19796,0.9999999999999997
1859,724,L23823,0.9999999999999997
1860,454,L02426,0.9999999999999997
1861,1991,R70790,0.9999999999999997
1862,2,R39465_,0.9999999999999997
1863,625,H65223,0.9999999999999997
1864,944,X51417,0.9999999999999997
1865,957,T50321,0.9999999999999997
1866,689,X53683,0.9999999999999997
1867,943,H06489,0.9999999999999997
1868,816,R16665,0.9999999999999997
1869,841,J03827,0.9999999999999997
1870,684,L35249,0.9999999999999997
1871,1919,J04102,0.9999999999999997
1872,1972,M55422,0.9999999999999997
1873,694,H66976,0.9999999999999997
1874,671,D25216,0.9999999999999997
1875,1934,X62048,0.9999999999999997
1876,575,D14812,0.9999999999999997
1877,821,T92451,0.9999999999999997
1878,879,D21239,0.9999999999999997
1879,1966,T60778,0.9999999999999997
1880,890,R61249,0.9999999999999997
1881,641,X16316,0.9999999999999997
1882,908,H75955,0.9999999999999997
1883,849,H49652,0.9999999999999997
1884,475,U11292,0.9999999999999997
1885,473,T70046,0.9999999999999997
1886,936,R56052,0.9999999999999997
1887,940,X64364,0.9999999999999997
1888,550,L34774,0.9999999999999997
1889,1845,T52806,0.9999999999999997
1890,1246,X74295,0.9999999999999997
1891,1273,R71251,0.9999999999999997
1892,74,X55715,0.9999999999999997
1893,1289,L40027,0.9999999999999997
1894,1287,X67155,0.9999999999999997
1895,1580,R60877,0.9999999999999997
1896,170,H88360_,0.9999999999999997
1897,1278,X68149,0.9999999999999997
1898,1272,H23005,0.9999999999999997
1899,1425,L13977,0.9999999999999997
1900,1250,X90828,0.9999999999999997
1901,1498,D42046,0.9999999999999997
1902,321,X62055,0.9999999999999997
1903,241,M58297,0.9999999999999997
1904,1239,T99080,0.9999999999999997
1905,1237,X89416,0.9999999999999997
1906,77,R42570,0.9999999999999997
1907,248,M63391,0.9999999999999997
1908,182,X51346,0.9999999999999997
1909,1793,R27369,0.9999999999999997
1910,1792,M55683,0.9999999999999997
1911,438,L09159_,0.9999999999999997
1912,198,L28010,0.9999999999999997
1913,1350,X68688,0.9999999999999997
1914,251,T51613,0.9999999999999997
1915,1353,R85326,0.9999999999999997
1916,1360,M19159,0.9999999999999997
1917,1781,J03600,0.9999999999999997
1918,90,T47144,0.9999999999999997
1919,1775,J04162,0.9999999999999997
1920,1403,M14676,0.9999999999999997
1921,1405,U26312,0.9999999999999997
1922,1407,R72644,0.9999999999999997
1923,1538,H78346,0.9999999999999997
1924,1230,H49870,0.9999999999999997
1925,1218,X80497,0.9999999999999997
1926,1101,T51558,0.9999999999999997
1927,995,X79683_,0.9999999999999997
1928,137,M26697,0.9999999999999997
1929,1484,D13665,0.9999999999999997
1930,1878,M93009,0.9999999999999997
1931,1020,X14968,0.9999999999999997
1932,422,T81460,0.9999999999999997
1933,141,M27635,0.9999999999999997
1934,1058,R60195,0.9999999999999997
1935,1059,U09564,0.9999999999999997
1936,1672,T57079,0.9999999999999997
1937,1078,R98441,0.9999999999999997
1938,1084,D42053,0.9999999999999997
1939,1094,H04282,0.9999999999999997
1940,1664,X59842,0.9999999999999997
1941,1655,X16504,0.9999999999999997
1942,1216,T62067,0.9999999999999997
1943,1654,H06877,0.9999999999999997
1944,1108,R52624,0.9999999999999997
1945,1110,D31716,0.9999999999999997
1946,388,H41017,0.9999999999999997
1947,99,T52185,0.9999999999999997
1948,1160,X01410,0.9999999999999997
1949,361,M36205,0.9999999999999997
1950,1164,H63354,0.9999999999999997
1951,1711,U12387,0.9999999999999997
1952,344,X80026,0.9999999999999997
1953,1623,D90391,0.9999999999999997
1954,233,R42265,0.9999999999999997
1955,1527,U13991,0.9999999999999997
1956,1770,J05032,0.9999999999999997
1957,1973,M64110,0.9999999999999996
1958,978,H40137,0.9999999999999996
1959,1544,T61333,0.9999999999999996
1960,1734,H62885,0.9999999999999996
1961,670,U18934,0.9999999999999996
1962,1983,U12140,0.9999999999999996
1963,1601,L04751,0.9999999999999996
1964,162,H70425,0.9999999999999996
1965,601,H28711,0.9999999999999996
1966,1642,T56244,0.9999999999999996
1967,633,X06614,0.9999999999999996
1968,1997,H40891,0.9999999999999996
1969,580,T51571,0.9999999999999996
1970,282,T69446,0.9999999999999996
1971,577,T98803,0.9999999999999996
1972,844,T48939,0.9999999999999996
1973,450,X55187,0.9999999999999996
1974,1053,R15876,0.9999999999999996
1975,1901,U01038,0.9999999999999996
1976,1100,R22779,0.9999999999999996
1977,916,T63539,0.9999999999999996
1978,1857,H74265,0.9999999999999996
1979,369,Z23115_,0.9999999999999996
1980,352,T57882_,0.9999999999999996
1981,1208,R96357,0.9999999999999996
1982,1482,K03474_,0.9999999999999996
1983,1831,X15943,0.9999999999999996
1984,828,U07158,0.9999999999999996
1985,1306,H42927,0.9999999999999996
1986,808,U34252,0.9999999999999996
1987,764,M76378__,0.9999999999999996
1988,1378,R32511,0.9999999999999996
1989,573,D23672,0.9999999999999996
1990,8,T65938,0.9999999999999996
1991,1471,L41559,0.9999999999999996
1992,1000,M16029_,0.9999999999999996
1993,499,H17646,0.9999999999999994
1994,513,T47562_,0.9999999999999994
1995,129,R85464,0.9999999999999994
1996,280,T79152,0.9999999999999994
1997,1232,R56207,0.9999999999999993
1998,608,R21427,0.9999999999999993
1999,434,T97890,0.9999999999999993
